condition,carrier_index_after_third_randperm,material_id,future_winner_count,zero_contribution
Correct,0,12270,8,False
Correct,1,25631,3,False
Correct,2,4181,9,False
Correct,3,11514,3,False
Correct,4,8199,17,False
Correct,5,2366,0,True
Correct,6,16868,0,True
Correct,7,22075,12,False
Correct,8,16981,8,False
Correct,9,21002,17,False
Correct,10,8225,3,False
Correct,11,3235,20,False
Correct,12,21160,3,False
Correct,13,18872,15,False
Correct,14,18052,12,False
Correct,15,23015,2,False
Correct,16,25851,6,False
Correct,17,18764,4,False
Correct,18,2840,1,False
Correct,19,6087,1,False
Correct,20,11346,10,False
Correct,21,10319,13,False
Correct,22,1709,5,False
Correct,23,270,18,False
Correct,24,23040,8,False
Correct,25,14090,0,True
Correct,26,1583,0,True
Correct,27,27132,9,False
Correct,28,14969,5,False
Correct,29,23010,9,False
Correct,30,131,8,False
Correct,31,4146,16,False
Correct,32,17988,15,False
Correct,33,2342,2,False
Correct,34,19919,1,False
Correct,35,11322,14,False
Correct,36,18794,15,False
Correct,37,7283,12,False
Correct,38,4281,1,False
Correct,39,15919,2,False
Correct,40,24128,11,False
Correct,41,18779,5,False
Correct,42,11361,9,False
Correct,43,425,0,True
Correct,44,21031,9,False
Correct,45,24138,5,False
Correct,46,9289,9,False
Correct,47,17880,13,False
Correct,48,27103,1,False
Correct,49,15860,7,False
Correct,50,6399,2,False
Correct,51,18716,20,False
Correct,52,9359,0,True
Correct,53,24031,6,False
Correct,54,22036,14,False
Correct,55,16977,14,False
Correct,56,3228,2,False
Correct,57,15954,9,False
Correct,58,14979,9,False
Correct,59,1728,4,False
Correct,60,1292,3,False
Correct,61,9229,2,False
Correct,62,1191,13,False
Correct,63,9097,20,False
Correct,64,26709,2,False
Correct,65,24884,1,False
Correct,66,12383,5,False
Correct,67,24709,0,True
Correct,68,25794,10,False
Correct,69,305,12,False
Correct,70,8012,14,False
Correct,71,9146,2,False
Correct,72,21021,16,False
Correct,73,8348,1,False
Correct,74,12238,20,False
Correct,75,25483,3,False
Correct,76,25804,4,False
Correct,77,1689,2,False
Correct,78,7200,5,False
Correct,79,10275,9,False
Correct,80,4010,11,False
Correct,81,13351,8,False
Correct,82,8002,20,False
Correct,83,24108,5,False
Correct,84,17895,7,False
Correct,85,803,12,False
Correct,86,13218,20,False
Correct,87,3160,0,True
Correct,88,9244,12,False
Correct,89,4019,20,False
Correct,90,18759,0,True
Correct,91,9487,5,False
Correct,92,10211,0,True
Correct,93,1967,8,False
Correct,94,5086,2,False
Correct,95,4798,20,False
Correct,96,27468,13,False
Correct,97,3180,1,False
Correct,98,784,1,False
Correct,99,14095,2,False
Correct,100,12260,14,False
Correct,101,2312,1,False
Correct,102,20019,3,False
Correct,103,23113,8,False
Correct,104,4151,1,False
Correct,105,12284,4,False
Correct,106,2436,17,False
Correct,107,26352,10,False
Correct,108,21947,4,False
Correct,109,18047,10,False
Correct,110,7053,5,False
Correct,111,27869,19,False
Correct,112,15875,18,False
Correct,113,1241,1,False
Correct,114,23090,0,True
Correct,115,27381,10,False
Correct,116,15008,11,False
Correct,117,4037,2,False
Correct,118,14861,10,False
Correct,119,6176,2,False
Correct,120,24899,4,False
Correct,121,21928,2,False
Correct,122,22118,2,False
Correct,123,14066,2,False
Correct,124,8061,11,False
Correct,125,12393,4,False
Correct,126,14841,0,True
Correct,127,13375,2,False
Correct,128,11406,18,False
Correct,129,8209,18,False
Correct,130,5047,6,False
Correct,131,5179,10,False
Correct,132,1649,0,True
Correct,133,17001,4,False
Correct,134,2337,1,False
Correct,135,9948,20,False
Correct,136,24163,9,False
Correct,137,28001,6,False
Correct,138,9472,5,False
Correct,139,23138,11,False
Correct,140,13261,1,False
Correct,141,5174,6,False
Correct,142,24153,2,False
Correct,143,26326,6,False
Correct,144,9225,3,False
Correct,145,5110,2,False
Correct,146,10359,13,False
Correct,147,503,7,False
Correct,148,12388,7,False
Correct,149,11244,1,False
Correct,150,25731,3,False
Correct,151,15870,12,False
Correct,152,17909,0,True
Correct,153,14055,5,False
Correct,154,21932,6,False
Correct,155,10167,20,False
Correct,156,22231,14,False
Correct,157,20898,0,True
Correct,158,11233,16,False
Correct,159,25746,1,False
Correct,160,27118,7,False
Correct,161,15796,3,False
Correct,162,19973,10,False
Correct,163,12339,15,False
Correct,164,18003,2,False
Correct,165,6259,6,False
Correct,166,11204,20,False
Correct,167,27918,20,False
Correct,168,7033,2,False
Correct,169,20962,0,True
Correct,170,23133,5,False
Correct,171,9161,12,False
Correct,172,1704,2,False
Correct,173,14120,2,False
Correct,174,15895,1,False
Correct,175,469,2,False
Correct,176,2298,2,False
Correct,177,3208,13,False
Correct,178,2327,1,False
Correct,179,15826,13,False
Correct,180,19894,0,True
Correct,181,25769,6,False
Correct,182,24870,1,False
Correct,183,8159,3,False
Correct,184,12280,2,False
Correct,185,22095,9,False
Correct,186,7058,8,False
Correct,187,21913,20,False
Correct,188,14299,9,False
Correct,189,9428,5,False
Correct,190,24952,9,False
Correct,191,23025,1,False
Correct,192,27818,7,False
Correct,193,13247,0,True
Correct,194,26282,0,True
Correct,195,12324,3,False
Correct,196,21967,0,True
Correct,197,17978,5,False
Correct,198,14027,0,True
Correct,199,24123,8,False
Correct,200,15890,1,False
Correct,201,25846,12,False
Correct,202,14945,8,False
Correct,203,464,14,False
Correct,204,7072,8,False
Correct,205,12241,20,False
Correct,206,7126,16,False
Correct,207,6974,12,False
Correct,208,19944,15,False
Correct,209,63,7,False
Correct,210,4137,4,False
Correct,211,23069,1,False
Correct,212,1745,12,False
Correct,213,10295,0,True
Correct,214,6219,13,False
Correct,215,24074,10,False
Correct,216,10100,1,False
Correct,217,19114,5,False
Correct,218,18834,14,False
Correct,219,3894,0,True
Correct,220,7008,2,False
Correct,221,11430,0,True
Correct,222,24986,5,False
Correct,223,22085,16,False
Correct,224,24880,2,False
Correct,225,6224,14,False
Correct,226,11228,16,False
Correct,227,27638,13,False
Correct,228,6096,16,False
Correct,229,20860,12,False
Correct,230,14017,3,False
Correct,231,7451,2,False
Correct,232,9403,0,True
Correct,233,18784,7,False
Correct,234,3175,0,True
Correct,235,17045,15,False
Correct,236,9117,0,True
Correct,237,2081,2,False
Correct,238,14989,12,False
Correct,239,20854,14,False
Correct,240,26321,12,False
Correct,241,25659,8,False
Correct,242,26534,3,False
Correct,243,1245,10,False
Correct,244,847,20,False
Correct,245,17899,10,False
Correct,246,22055,4,False
Correct,247,13243,18,False
Correct,248,18032,0,True
Correct,249,17973,1,False
Correct,250,3303,16,False
Correct,251,12124,3,False
Correct,252,7062,3,False
Correct,253,27093,17,False
Correct,254,6244,10,False
Correct,255,23991,2,False
Correct,256,12413,11,False
Correct,257,24006,4,False
Correct,258,238,7,False
Correct,259,27900,20,False
Correct,260,8154,6,False
Correct,261,14001,5,False
Correct,262,18808,1,False
Correct,263,14984,13,False
Correct,264,1665,0,True
Correct,265,21026,12,False
Correct,266,22002,8,False
Correct,267,7043,1,False
Correct,268,14100,0,True
Correct,269,1694,2,False
Correct,270,9166,6,False
Correct,271,18790,3,False
Correct,272,18862,7,False
Correct,273,24143,4,False
Correct,274,25011,16,False
Correct,275,22007,6,False
Correct,276,27127,13,False
Correct,277,17958,20,False
Correct,278,8100,0,True
Correct,279,259,12,False
Correct,280,14925,1,False
Correct,281,8145,4,False
Correct,282,4190,14,False
Correct,283,4107,6,False
Correct,284,7048,2,False
Correct,285,479,1,False
Correct,286,13459,1,False
Correct,287,16957,4,False
Correct,288,14437,3,False
Correct,289,18754,1,False
Correct,290,1674,0,True
Correct,291,3131,18,False
Correct,292,4127,18,False
Correct,293,10193,14,False
Correct,294,13355,6,False
Correct,295,2318,0,True
Correct,296,1733,13,False
Correct,297,21962,1,False
Correct,298,28051,20,False
Correct,299,9087,20,False
Correct,300,7185,3,False
Correct,301,11283,12,False
Correct,302,14940,12,False
Correct,303,18897,7,False
Correct,304,11214,2,False
Correct,305,2362,1,False
Correct,306,16888,4,False
Correct,307,8016,12,False
Correct,308,3254,16,False
Correct,309,25799,7,False
Correct,310,19565,18,False
Correct,311,13301,10,False
Correct,312,19978,2,False
Correct,313,9239,4,False
Correct,314,20849,20,False
Correct,315,15924,0,True
Correct,316,7997,20,False
Correct,317,18818,1,False
Correct,318,23108,6,False
Correct,319,473,2,False
Correct,320,2557,20,False
Correct,321,2332,1,False
Correct,322,6998,1,False
Correct,323,27137,10,False
Correct,324,20996,12,False
Correct,325,25836,6,False
Correct,326,22985,0,True
Correct,327,11209,20,False
Correct,328,18857,0,True
Correct,329,12290,0,True
Correct,330,9279,9,False
Correct,331,108,16,False
Correct,332,27737,1,False
Correct,333,24016,14,False
Correct,334,14993,15,False
Correct,335,26361,9,False
Correct,336,24699,9,False
Correct,337,18290,8,False
Correct,338,24050,4,False
Correct,339,11254,1,False
Correct,340,27532,2,False
Correct,341,21056,5,False
Correct,342,23986,0,True
Correct,343,20928,2,False
Correct,344,21136,2,False
Correct,345,16918,5,False
Correct,346,4176,10,False
Correct,347,27147,10,False
Correct,348,6116,9,False
Correct,349,7028,0,True
Correct,350,13087,1,False
Correct,351,25856,19,False
Correct,352,17919,6,False
Correct,353,5210,20,False
Correct,354,11263,0,True
Correct,355,26360,8,False
Correct,356,13393,10,False
Correct,357,25002,10,False
Correct,358,5105,4,False
Correct,359,19820,6,False
Correct,360,18774,1,False
Correct,361,17924,0,True
Correct,362,8037,1,False
Correct,363,3279,8,False
Correct,364,1221,1,False
Correct,365,12456,0,True
Correct,366,5057,1,False
Correct,367,19904,9,False
Correct,368,2303,0,True
Correct,369,3250,15,False
Correct,370,16667,6,False
Correct,371,7092,5,False
Correct,372,10231,2,False
Correct,373,20874,0,True
Correct,374,13083,4,False
Correct,375,1718,8,False
Correct,376,1236,8,False
Correct,377,13341,8,False
Correct,378,12300,2,False
Correct,379,13858,1,False
Correct,380,5159,3,False
Correct,381,23661,3,False
Correct,382,27098,0,True
Correct,383,4833,19,False
Correct,384,4171,15,False
Correct,385,16003,5,False
Correct,386,11391,7,False
Correct,387,17040,10,False
Correct,388,7117,17,False
Correct,389,10313,5,False
Correct,390,2390,15,False
Correct,391,234,7,False
Correct,392,24166,12,False
Correct,393,2323,2,False
Correct,394,27723,17,False
Correct,395,17963,2,False
Correct,396,44,19,False
Correct,397,16721,2,False
Correct,398,8413,9,False
Correct,399,20893,1,False
Correct,400,17854,1,False
Correct,401,26753,13,False
Correct,402,7004,0,True
Correct,403,4087,0,True
Correct,404,768,8,False
Correct,405,16883,6,False
Correct,406,17874,20,False
Correct,407,18951,10,False
Correct,408,5140,16,False
Correct,409,26346,10,False
Correct,410,26176,8,False
Correct,411,25669,6,False
Correct,412,22060,5,False
Correct,413,9131,0,True
Correct,414,25026,9,False
Correct,415,12319,0,True
Correct,416,16967,2,False
Correct,417,7022,0,True
Correct,418,12916,0,True
Correct,419,9137,1,False
Correct,420,14216,0,True
Correct,421,23123,10,False
Correct,422,14886,4,False
Correct,423,21972,5,False
Correct,424,16986,3,False
Correct,425,18917,19,False
Correct,426,27397,3,False
Correct,427,6136,0,True
Correct,428,10324,6,False
Correct,429,26783,1,False
Correct,430,9234,7,False
Correct,431,25016,12,False
Correct,432,17011,13,False
Correct,433,14110,2,False
Correct,434,20104,5,False
Correct,435,18734,9,False
Correct,436,21060,15,False
Correct,437,797,11,False
Correct,438,24064,3,False
Correct,439,19968,4,False
Correct,440,23977,13,False
Correct,441,12369,3,False
Correct,442,24021,20,False
Correct,443,8392,7,False
Correct,444,20163,3,False
Correct,445,22958,15,False
Correct,446,6939,0,True
Correct,447,27727,9,False
Correct,448,8051,0,True
Correct,449,6180,0,True
Correct,450,1683,1,False
Correct,451,23143,14,False
Correct,452,13322,15,False
Correct,453,23099,15,False
Correct,454,8080,10,False
Correct,455,16996,9,False
Correct,456,14866,1,False
Correct,457,4886,1,False
Correct,458,11509,1,False
Correct,459,10255,1,False
Correct,460,5007,20,False
Correct,461,13312,9,False
Correct,462,16843,17,False
Correct,463,23035,7,False
Correct,464,14998,20,False
Correct,465,18072,11,False
Correct,466,25006,6,False
Correct,467,27156,11,False
Correct,468,5018,4,False
Correct,469,25487,18,False
Correct,470,4023,20,False
Correct,471,18804,2,False
Correct,472,5878,0,True
Correct,473,22046,0,True
Correct,474,14827,0,True
Correct,475,24026,7,False
Correct,476,8302,11,False
Correct,477,22031,14,False
Correct,478,242,1,False
Correct,479,4141,13,False
Correct,480,10202,1,False
Correct,481,22990,0,True
Correct,482,20907,4,False
Correct,483,26274,3,False
Correct,484,14086,1,False
Correct,485,1618,0,True
Correct,486,20888,14,False
Correct,487,15909,2,False
Correct,488,9249,9,False
Correct,489,13253,15,False
Correct,490,1550,3,False
Correct,491,25716,0,True
Correct,492,827,11,False
Correct,493,14032,1,False
Correct,494,22980,0,True
Correct,495,25750,4,False
Correct,496,18749,11,False
Correct,497,26714,0,True
Correct,498,10246,16,False
Correct,499,508,14,False
Correct,500,3298,14,False
Correct,501,788,17,False
Correct,502,12433,16,False
Correct,503,1645,20,False
Correct,504,13317,8,False
Correct,505,25789,9,False
Correct,506,112,17,False
Correct,507,1121,12,False
Correct,508,15983,10,False
Correct,509,9389,8,False
Correct,510,520,12,False
Correct,511,13360,5,False
Correct,512,10290,4,False
Correct,513,22105,0,True
Correct,514,15806,5,False
Correct,515,2867,0,True
Correct,516,5072,1,False
Correct,517,5184,10,False
Correct,518,26778,0,True
Correct,519,12438,13,False
Correct,520,5208,12,False
Correct,521,26733,18,False
Correct,522,5100,0,True
Correct,523,19815,2,False
Correct,524,3141,20,False
Correct,525,16903,8,False
Correct,526,9180,1,False
Correct,527,5744,2,False
Correct,528,18013,15,False
Correct,529,6150,1,False
Correct,530,494,6,False
Correct,531,3135,18,False
Correct,532,8065,12,False
Correct,533,1250,1,False
Correct,534,1849,2,False
Correct,535,25021,8,False
Correct,536,4838,1,False
Correct,537,10265,3,False
Correct,538,10430,1,False
Correct,539,24914,14,False
Correct,540,12403,9,False
Correct,541,15944,9,False
Correct,542,22071,13,False
Correct,543,12417,4,False
Correct,544,14876,4,False
Correct,545,19958,7,False
Correct,546,24889,6,False
Correct,547,266,17,False
Correct,548,1317,11,False
Correct,549,22995,8,False
Correct,550,22041,0,True
Correct,551,24079,1,False
Correct,552,24957,14,False
Correct,553,18922,20,False
Correct,554,24133,9,False
Correct,555,16878,0,True
Correct,556,21942,6,False
Correct,557,24118,8,False
Correct,558,15949,5,False
Correct,559,9294,15,False
Correct,560,27440,8,False
Correct,561,7097,8,False
Correct,562,5169,3,False
Correct,563,14130,12,False
Correct,564,4477,3,False
Correct,565,8987,8,False
Correct,566,21918,13,False
Correct,567,6076,0,True
Correct,568,18853,0,True
Correct,569,13453,3,False
Correct,570,12374,6,False
Correct,571,26287,0,True
Correct,572,19938,20,False
Correct,573,4246,5,False
Correct,574,20972,1,False
Correct,575,25764,0,True
Correct,576,4097,2,False
Correct,577,5013,0,True
Correct,578,27402,8,False
Correct,579,3170,1,False
Correct,580,10181,5,False
Correct,581,27674,10,False
Correct,582,19928,13,False
Correct,583,2431,16,False
Correct,584,3165,0,True
Correct,585,3269,15,False
Correct,586,26621,0,True
Correct,587,4042,12,False
Correct,588,103,10,False
Correct,589,15973,13,False
Correct,590,13346,6,False
Correct,591,9325,7,False
Correct,592,23059,7,False
Correct,593,25831,12,False
Correct,594,20957,2,False
Correct,595,6106,5,False
Correct,596,12305,1,False
Correct,597,5992,11,False
Correct,598,13257,3,False
Correct,599,7181,0,True
Correct,600,15791,6,False
Correct,601,1773,1,False
Correct,602,18057,2,False
Correct,603,823,13,False
Correct,604,24069,9,False
Correct,605,15865,12,False
Correct,606,26312,5,False
Correct,607,3218,7,False
Correct,608,23094,5,False
Correct,609,4877,2,False
Correct,610,11396,7,False
Correct,611,7470,0,True
Correct,612,24991,19,False
Correct,613,14135,7,False
Correct,614,11401,12,False
Correct,615,5932,0,True
Correct,616,4166,17,False
Correct,617,13365,7,False
Correct,618,19825,0,True
Correct,619,12311,0,True
Correct,620,20883,14,False
Correct,621,19909,2,False
Correct,622,1231,1,False
Correct,623,6057,20,False
Correct,624,18042,10,False
Correct,625,19987,13,False
Correct,626,258,14,False
Correct,627,11583,4,False
Correct,628,7229,0,True
Correct,629,582,12,False
Correct,630,5052,1,False
Correct,631,25860,16,False
Correct,632,24936,4,False
Correct,633,299,3,False
Correct,634,17953,15,False
Correct,635,13383,5,False
Correct,636,24054,0,True
Correct,637,13232,6,False
Correct,638,27795,18,False
Correct,639,24103,6,False
Correct,640,10368,6,False
Correct,641,10161,20,False
Correct,642,23000,12,False
Correct,643,8075,12,False
Correct,644,15904,3,False
Correct,645,24919,3,False
Correct,646,14821,5,False
Correct,647,17968,1,False
Correct,648,17036,6,False
Correct,649,2347,2,False
Correct,650,4907,3,False
Correct,651,16893,6,False
Correct,652,16972,1,False
Correct,653,27313,15,False
Correct,654,18022,13,False
Correct,655,19654,10,False
Correct,656,12408,2,False
Correct,657,6994,9,False
Correct,658,5022,0,True
Correct,659,17355,1,False
Correct,660,17890,4,False
Correct,661,13464,1,False
Correct,662,15963,1,False
Correct,663,11248,2,False
Correct,664,23166,14,False
Correct,665,27392,1,False
Correct,666,18932,13,False
Correct,667,11706,14,False
Correct,668,6269,14,False
Correct,669,17153,1,False
Correct,670,21937,20,False
Correct,671,27608,11,False
Correct,672,24001,0,True
Correct,673,14974,10,False
Correct,674,18877,17,False
Correct,675,19840,7,False
Correct,676,15978,5,False
Correct,677,19884,16,False
Correct,678,28240,2,False
Correct,679,14037,0,True
Correct,680,15013,20,False
Correct,681,2385,14,False
Correct,682,1206,4,False
Correct,683,19845,7,False
Correct,684,838,11,False
Correct,685,8115,1,False
Correct,686,12354,2,False
Correct,687,19835,0,True
Correct,688,7122,11,False
Correct,689,15737,11,False
Correct,690,7113,7,False
Correct,691,5062,1,False
Correct,692,11272,1,False
Correct,693,19983,9,False
Correct,694,12334,12,False
Correct,695,13326,17,False
Correct,696,27628,8,False
Correct,697,10305,6,False
Correct,698,16521,2,False
Correct,699,27436,16,False
Correct,700,21977,2,False
Correct,701,808,10,False
Correct,702,25073,20,False
Correct,703,15831,0,True
Correct,704,14891,0,True
Correct,705,21006,4,False
Correct,706,23020,4,False
Correct,707,14930,4,False
Correct,708,12423,9,False
Correct,709,4113,7,False
Correct,710,10340,7,False
Correct,711,11238,6,False
Correct,712,14846,3,False
Correct,713,15958,10,False
Correct,714,10206,0,True
Correct,715,16863,1,False
Correct,716,3204,3,False
Correct,717,12378,7,False
Correct,718,2426,20,False
Correct,719,23064,6,False
Correct,720,14115,11,False
Correct,721,16,12,False
Correct,722,24089,11,False
Correct,723,6101,1,False
Correct,724,14836,2,False
Correct,725,6234,11,False
Correct,726,24148,15,False
Correct,727,14080,0,True
Correct,728,9259,6,False
Correct,729,14453,5,False
Correct,730,7077,8,False
Correct,731,27583,2,False
Correct,732,10364,18,False
Correct,733,25720,1,False
Correct,734,28131,7,False
Correct,735,14920,0,True
Correct,736,9151,0,True
Correct,737,15968,4,False
Correct,738,18882,13,False
Correct,739,17020,11,False
Correct,740,27113,2,False
Correct,741,20913,1,False
Correct,742,12276,0,True
Correct,743,14954,4,False
Correct,744,26297,4,False
Correct,745,2394,15,False
Correct,746,1266,4,False
Correct,747,14042,0,True
Correct,748,14900,1,False
Correct,749,24759,8,False
Correct,750,14012,20,False
Correct,751,8120,6,False
Correct,752,20878,2,False
Correct,753,9195,3,False
Correct,754,14052,13,False
Correct,755,5189,13,False
Correct,756,8313,0,True
Correct,757,5853,20,False
Correct,758,8211,20,False
Correct,759,18867,14,False
Correct,760,22966,13,False
Correct,761,27411,12,False
Correct,762,24971,1,False
Correct,763,18769,1,False
Correct,764,19776,20,False
Correct,765,2307,0,True
Correct,766,26331,3,False
Correct,767,20992,0,True
Correct,768,14061,2,False
Correct,769,15732,8,False
Correct,770,2441,19,False
Correct,771,560,11,False
Correct,772,4062,11,False
Correct,773,18813,0,True
Correct,774,26685,2,False
Correct,775,19879,4,False
Correct,776,11366,3,False
Correct,777,15030,0,True
Correct,778,3274,4,False
Correct,779,27814,10,False
Correct,780,15884,5,False
Correct,781,26306,0,True
Correct,782,13200,14,False
Correct,783,7160,0,True
Correct,784,6959,1,False
Correct,785,18017,5,False
Correct,786,3195,1,False
Correct,787,8125,1,False
Correct,788,19810,19,False
Correct,789,17993,12,False
Correct,790,18887,1,False
Correct,791,4941,10,False
Correct,792,9102,2,False
Correct,793,10334,6,False
Correct,794,26278,2,False
Correct,795,14443,2,False
Correct,796,28189,11,False
Correct,797,27075,4,False
Correct,798,10285,3,False
Correct,799,14047,8,False
Correct,800,23103,5,False
Correct,801,21051,5,False
Correct,802,27732,2,False
Correct,803,22971,5,False
Correct,804,18848,0,True
Correct,805,9274,8,False
Correct,806,21982,6,False
Correct,807,14871,7,False
Correct,808,13380,3,False
Correct,809,229,2,False
Correct,810,24041,2,False
Correct,811,24894,0,True
Correct,812,2401,13,False
Correct,813,8090,0,True
Correct,814,2451,20,False
Correct,815,26356,9,False
Correct,816,27623,15,False
Correct,817,22025,9,False
Correct,818,27607,16,False
Correct,819,3016,1,False
Correct,820,15727,0,True
Correct,821,4862,1,False
Correct,822,4881,3,False
Correct,823,25780,6,False
Correct,824,25673,5,False
Correct,825,18912,13,False
Correct,826,24094,11,False
Correct,827,10300,0,True
Correct,828,794,11,False
Correct,829,10171,4,False
Correct,830,6209,3,False
Correct,831,14950,6,False
Correct,832,27406,5,False
Correct,833,14452,1,False
Correct,834,8203,9,False
Correct,835,23055,7,False
Correct,836,9175,1,False
Correct,837,8046,0,True
Correct,838,4161,5,False
Correct,839,7087,5,False
Correct,840,8259,0,True
Correct,841,16909,5,False
Correct,842,812,8,False
Correct,843,2,20,False
Correct,844,6111,14,False
Correct,845,11351,10,False
Correct,846,6126,0,True
Correct,847,24158,15,False
Correct,848,24947,9,False
Correct,849,10177,2,False
Correct,850,12294,0,True
Correct,851,21923,6,False
Correct,852,25784,7,False
Correct,853,4033,0,True
Correct,854,10269,3,False
Correct,855,21011,9,False
Correct,856,14021,6,False
Correct,857,18799,13,False
Correct,858,12349,12,False
Correct,859,26293,5,False
Correct,860,11356,6,False
Correct,861,6239,9,False
Correct,862,17934,7,False
Correct,863,26773,10,False
Correct,864,18941,2,False
Correct,865,19863,5,False
Correct,866,21908,20,False
Correct,867,861,18,False
Correct,868,3869,2,False
Correct,869,11371,16,False
Correct,870,2446,17,False
Correct,871,26341,1,False
Correct,872,21987,10,False
Correct,873,4476,3,False
Correct,874,17998,5,False
Correct,875,13113,1,False
Correct,876,1741,17,False
Correct,877,23050,9,False
Correct,878,5868,0,True
Correct,879,11219,1,False
Correct,880,5125,2,False
Correct,881,1275,20,False
Correct,882,5032,14,False
Correct,883,20014,1,False
Correct,884,16013,12,False
Correct,885,25814,2,False
Correct,886,1738,16,False
Correct,887,2381,0,True
Correct,888,16858,2,False
Correct,889,14856,16,False
Correct,890,11277,1,False
Correct,891,9126,2,False
Correct,892,6,19,False
Correct,893,9156,0,True
Correct,894,25841,5,False
Correct,895,25031,18,False
Correct,896,25035,13,False
Correct,897,24084,9,False
Correct,898,4200,13,False
Correct,899,4122,4,False
Correct,900,22100,7,False
Correct,901,13336,4,False
Correct,902,6199,5,False
Correct,903,15841,1,False
Correct,904,7170,0,True
Correct,905,22080,7,False
Correct,906,7933,2,False
Correct,907,5134,12,False
Correct,908,27122,5,False
Correct,909,25098,13,False
Correct,910,14964,6,False
Correct,911,20069,8,False
Correct,912,21996,5,False
Correct,913,23148,17,False
Correct,914,22012,0,True
Correct,915,26763,4,False
Correct,916,2971,5,False
Correct,917,6214,7,False
Correct,918,14851,6,False
Correct,919,6155,3,False
Correct,920,7146,10,False
Correct,921,19850,4,False
Correct,922,21991,0,True
Correct,923,6195,5,False
Correct,924,3089,19,False
Correct,925,832,2,False
Correct,926,22115,18,False
Correct,927,21180,16,False
Correct,928,10025,0,True
Correct,929,6190,1,False
Correct,930,26744,6,False
Correct,931,852,10,False
Correct,932,14910,2,False
Correct,933,17026,4,False
Correct,934,8134,7,False
Correct,935,10215,1,False
Correct,936,5164,5,False
Correct,937,16840,20,False
Correct,938,17904,5,False
Correct,939,4205,14,False
Correct,940,20005,8,False
Correct,941,18828,3,False
Correct,942,11336,8,False
Correct,943,25103,10,False
Correct,944,3239,8,False
Correct,945,10279,9,False
Correct,946,4028,17,False
Correct,947,6141,0,True
Correct,948,19899,1,False
Correct,949,16854,2,False
Correct,950,25551,5,False
Correct,951,6248,13,False
Correct,952,23153,9,False
Correct,953,9502,10,False
Correct,954,14881,1,False
Correct,955,28232,0,True
Correct,956,24996,2,False
Correct,957,18843,10,False
Correct,958,24113,6,False
Correct,959,22961,12,False
Correct,960,11385,8,False
Correct,961,14447,1,False
Correct,962,10349,8,False
Correct,963,20942,3,False
Correct,964,1255,2,False
Correct,965,27426,0,True
Correct,966,26718,2,False
Correct,967,11331,8,False
Correct,968,15821,7,False
Correct,969,4132,13,False
Correct,970,26302,1,False
Correct,971,9111,19,False
Correct,972,5027,3,False
Correct,973,22065,15,False
Correct,974,9220,4,False
Correct,975,11410,16,False
Correct,976,1962,15,False
Correct,977,23074,10,False
Correct,978,24962,5,False
Correct,979,7,14,False
Correct,980,10260,8,False
Correct,981,20918,9,False
Correct,982,24976,17,False
Correct,983,4048,12,False
Correct,984,6377,1,False
Correct,985,22090,4,False
Correct,986,11381,5,False
Correct,987,24967,7,False
Correct,988,28125,20,False
Correct,989,26748,5,False
Correct,990,23158,13,False
Correct,991,9433,3,False
Correct,992,25760,14,False
Correct,993,113,16,False
Correct,994,2396,18,False
Correct,995,19913,7,False
Correct,996,11258,1,False
Correct,997,8401,14,False
Correct,998,10397,0,True
Correct,999,24932,5,False
Correct,1000,5849,20,False
Correct,1001,18892,6,False
Correct,1002,10226,1,False
Correct,1003,3034,1,False
Correct,1004,18921,11,False
Correct,1005,16922,0,True
Correct,1006,26787,9,False
Correct,1007,12359,4,False
Correct,1008,12428,11,False
Correct,1009,19860,6,False
Correct,1010,17031,3,False
Correct,1011,25943,7,False
Correct,1012,15850,2,False
Correct,1013,17939,4,False
Correct,1014,17157,1,False
Correct,1015,6131,5,False
Correct,1016,3482,20,False
Correct,1017,11287,18,False
Correct,1018,15880,18,False
Correct,1019,23030,6,False
Correct,1020,18823,2,False
Correct,1021,6160,2,False
Correct,1022,18077,13,False
Correct,1023,25654,4,False
Correct,1024,4102,2,False
Correct,1025,4990,9,False
Correct,1026,17983,3,False
Correct,1027,1270,3,False
Correct,1028,11316,9,False
Correct,1029,22110,10,False
Correct,1030,27338,1,False
Correct,1031,17914,0,True
Correct,1032,24099,5,False
Correct,1033,23005,1,False
Correct,1034,18291,20,False
Correct,1035,24046,3,False
Correct,1036,4067,1,False
Correct,1037,3230,18,False
Correct,1038,23337,16,False
Correct,1039,20937,8,False
Correct,1040,19571,13,False
Correct,1041,3259,17,False
Correct,1042,1196,2,False
Correct,1043,2352,8,False
Correct,1044,27967,20,False
Correct,1045,17006,5,False
Correct,1046,11341,2,False
Correct,1047,21046,17,False
Correct,1048,9298,18,False
Correct,1049,18037,18,False
Correct,1050,23084,3,False
Correct,1051,23079,18,False
Correct,1052,3244,20,False
Correct,1053,3200,1,False
Correct,1054,22976,4,False
Correct,1055,26316,14,False
Correct,1056,12344,5,False
Correct,1057,7150,20,False
Correct,1058,7130,20,False
Correct,1059,10538,11,False
Correct,1060,11312,7,False
Correct,1061,3213,11,False
Correct,1062,10251,4,False
Correct,1063,23996,2,False
Correct,1064,21036,5,False
Correct,1065,13227,2,False
Correct,1066,21952,0,True
Correct,1067,25740,1,False
Correct,1068,23118,3,False
Correct,1069,2376,4,False
Correct,1070,24036,9,False
Correct,1071,11267,1,False
Correct,1072,16848,4,False
Correct,1073,21041,8,False
Correct,1074,8164,10,False
Correct,1075,24011,6,False
Correct,1076,13370,12,False
Correct,1077,5203,3,False
Correct,1078,14071,1,False
Correct,1079,21165,11,False
Correct,1080,11711,16,False
Correct,1081,26724,3,False
Correct,1082,1845,17,False
Correct,1083,3284,5,False
Correct,1084,20010,0,True
Correct,1085,3377,12,False
Correct,1086,1215,3,False
Correct,1087,19923,1,False
Correct,1088,5145,5,False
Correct,1089,10354,15,False
Correct,1090,616,15,False
Correct,1091,21957,10,False
Correct,1092,25278,6,False
Correct,1093,518,6,False
Correct,1094,15988,11,False
Correct,1095,743,0,True
Correct,1096,20869,1,False
Correct,1097,25826,13,False
Correct,1098,14125,3,False
Correct,1099,12246,10,False
Correct,1100,11119,2,False
Correct,1101,2371,2,False
Correct,1102,248,15,False
Correct,1103,1698,9,False
Correct,1104,9190,16,False
Correct,1105,14105,0,True
Correct,1106,27633,19,False
Correct,1107,6988,8,False
Correct,1108,27981,19,False
Correct,1109,20987,4,False
Correct,1110,9092,20,False
Correct,1111,18744,12,False
Correct,1112,2541,19,False
Correct,1113,2421,11,False
Correct,1114,25775,5,False
Correct,1115,12314,0,True
Correct,1116,18027,12,False
Correct,1117,8274,3,False
Correct,1118,15835,0,True
Correct,1119,10197,2,False
Correct,1120,8179,9,False
Correct,1121,15845,7,False
Correct,1122,1826,1,False
Correct,1123,6039,11,False
Correct,1124,23044,0,True
Correct,1125,3223,1,False
Correct,1126,24059,7,False
Correct,1127,27152,1,False
Correct,1128,860,3,False
Correct,1129,16225,16,False
Correct,1130,10344,7,False
Correct,1131,2288,7,False
Correct,1132,9264,18,False
Correct,1133,3119,17,False
Correct,1134,1279,19,False
Correct,1135,9083,20,False
Correct,1136,2411,16,False
Correct,1137,18725,0,True
Correct,1138,17016,4,False
Correct,1139,3289,4,False
Correct,1140,18008,1,False
Correct,1141,3150,1,False
Correct,1142,513,0,True
Correct,1143,6051,9,False
Correct,1144,14731,1,False
Correct,1145,7194,7,False
Correct,1146,12255,19,False
Correct,1147,27742,0,True
Correct,1148,8141,3,False
Correct,1149,4082,0,True
Correct,1150,14959,6,False
Correct,1151,7894,0,True
Correct,1152,15855,0,True
Correct,1153,24981,5,False
Correct,1154,22051,5,False
Correct,1155,26535,0,True
Correct,1156,5076,2,False
Correct,1157,13388,16,False
Correct,1158,8169,7,False
Correct,1159,26758,5,False
Correct,1160,23163,15,False
Correct,1161,4093,13,False
Correct,1162,17929,9,False
Correct,1163,13307,2,False
Correct,1164,24924,7,False
Correct,1165,1659,0,True
Correct,1166,19874,8,False
Correct,1167,27281,1,False
Correct,1168,5130,0,True
Correct,1169,12398,8,False
Correct,1170,1841,9,False
Correct,1171,28017,20,False
Correct,1172,6121,5,False
Correct,1173,18067,10,False
Correct,1174,21016,13,False
Correct,1175,15914,2,False
Correct,1176,10449,14,False
Correct,1177,4156,7,False
Correct,1178,23982,5,False
Correct,1179,27846,5,False
Correct,1180,16913,10,False
Correct,1181,3155,14,False
Correct,1182,7809,0,True
Correct,1183,1654,1,False
Correct,1184,7889,1,False
Correct,1185,5154,11,False
Correct,1186,14895,0,True
Correct,1187,9340,7,False
Correct,1188,6229,9,False
Correct,1189,27021,0,True
Correct,1190,18838,3,False
Correct,1191,16991,2,False
Correct,1192,15017,13,False
Correct,1193,5120,1,False
Correct,1194,19953,12,False
Correct,1195,2357,2,False
Correct,1196,19119,5,False
Correct,1197,26646,7,False
Correct,1198,16898,4,False
Correct,1199,15815,8,False
Correct,1200,25754,17,False
Correct,1201,15899,3,False
Correct,1202,19963,8,False
Correct,1203,16526,1,False
Correct,1204,25078,14,False
Correct,1205,26336,2,False
Correct,1206,25819,12,False
Correct,1207,26946,1,False
Correct,1208,14752,0,True
Correct,1209,20933,0,True
Correct,1210,27857,18,False
Correct,1211,25735,2,False
Correct,1212,23860,0,True
Correct,1213,26739,7,False
Correct,1214,27613,7,False
Correct,1215,24942,7,False
Correct,1216,20982,0,True
Correct,1217,2721,15,False
Correct,1218,4072,2,False
Correct,1219,17944,14,False
Correct,1220,25809,8,False
Correct,1221,2406,18,False
Correct,1222,7136,20,False
Correct,1223,9200,0,True
Correct,1224,7107,13,False
Correct,1225,19830,2,False
Correct,1226,2293,10,False
Correct,1227,19933,5,False
Correct,1228,13013,5,False
Correct,1229,4186,12,False
Correct,1230,8189,16,False
Correct,1231,13223,2,False
Correct,1232,22016,4,False
Correct,1233,15003,6,False
Correct,1234,13237,14,False
Correct,1235,20418,20,False
Correct,1236,20864,0,True
Correct,1237,13331,3,False
Correct,1238,7804,0,True
Correct,1239,20903,0,True
Correct,1240,7082,12,False
Correct,1241,27809,6,False
Correct,1242,4309,7,False
Correct,1243,17949,12,False
Correct,1244,8031,0,True
Correct,1245,6925,20,False
Correct,1246,7318,10,False
Correct,1247,4985,12,False
Correct,1248,2416,19,False
Correct,1249,27108,15,False
Correct,1250,17677,5,False
Correct,1251,16962,4,False
Correct,1252,8289,13,False
Correct,1253,1261,5,False
Correct,1254,12363,1,False
Correct,1255,6949,6,False
Correct,1256,14905,0,True
Identity-Shuffled,0,12270,8,False
Identity-Shuffled,1,25631,3,False
Identity-Shuffled,2,4181,9,False
Identity-Shuffled,3,11514,3,False
Identity-Shuffled,4,8199,17,False
Identity-Shuffled,5,2366,0,True
Identity-Shuffled,6,16868,0,True
Identity-Shuffled,7,22075,12,False
Identity-Shuffled,8,16981,8,False
Identity-Shuffled,9,21002,17,False
Identity-Shuffled,10,8225,3,False
Identity-Shuffled,11,3235,20,False
Identity-Shuffled,12,21160,3,False
Identity-Shuffled,13,18872,15,False
Identity-Shuffled,14,18052,12,False
Identity-Shuffled,15,23015,2,False
Identity-Shuffled,16,25851,6,False
Identity-Shuffled,17,18764,4,False
Identity-Shuffled,18,2840,1,False
Identity-Shuffled,19,6087,1,False
Identity-Shuffled,20,11346,10,False
Identity-Shuffled,21,10319,13,False
Identity-Shuffled,22,1709,5,False
Identity-Shuffled,23,270,18,False
Identity-Shuffled,24,23040,8,False
Identity-Shuffled,25,14090,0,True
Identity-Shuffled,26,1583,0,True
Identity-Shuffled,27,27132,9,False
Identity-Shuffled,28,14969,5,False
Identity-Shuffled,29,23010,9,False
Identity-Shuffled,30,131,8,False
Identity-Shuffled,31,4146,16,False
Identity-Shuffled,32,17988,15,False
Identity-Shuffled,33,2342,2,False
Identity-Shuffled,34,19919,1,False
Identity-Shuffled,35,11322,14,False
Identity-Shuffled,36,18794,15,False
Identity-Shuffled,37,7283,12,False
Identity-Shuffled,38,4281,1,False
Identity-Shuffled,39,15919,2,False
Identity-Shuffled,40,24128,11,False
Identity-Shuffled,41,18779,5,False
Identity-Shuffled,42,11361,9,False
Identity-Shuffled,43,425,0,True
Identity-Shuffled,44,21031,9,False
Identity-Shuffled,45,24138,5,False
Identity-Shuffled,46,9289,9,False
Identity-Shuffled,47,17880,13,False
Identity-Shuffled,48,27103,1,False
Identity-Shuffled,49,15860,7,False
Identity-Shuffled,50,6399,2,False
Identity-Shuffled,51,18716,20,False
Identity-Shuffled,52,9359,0,True
Identity-Shuffled,53,24031,6,False
Identity-Shuffled,54,22036,14,False
Identity-Shuffled,55,16977,14,False
Identity-Shuffled,56,3228,2,False
Identity-Shuffled,57,15954,9,False
Identity-Shuffled,58,14979,9,False
Identity-Shuffled,59,1728,4,False
Identity-Shuffled,60,1292,3,False
Identity-Shuffled,61,9229,2,False
Identity-Shuffled,62,1191,13,False
Identity-Shuffled,63,9097,20,False
Identity-Shuffled,64,26709,2,False
Identity-Shuffled,65,24884,1,False
Identity-Shuffled,66,12383,5,False
Identity-Shuffled,67,24709,0,True
Identity-Shuffled,68,25794,10,False
Identity-Shuffled,69,305,12,False
Identity-Shuffled,70,8012,14,False
Identity-Shuffled,71,9146,2,False
Identity-Shuffled,72,21021,16,False
Identity-Shuffled,73,8348,1,False
Identity-Shuffled,74,12238,20,False
Identity-Shuffled,75,25483,3,False
Identity-Shuffled,76,25804,4,False
Identity-Shuffled,77,1689,2,False
Identity-Shuffled,78,7200,5,False
Identity-Shuffled,79,10275,9,False
Identity-Shuffled,80,4010,11,False
Identity-Shuffled,81,13351,8,False
Identity-Shuffled,82,8002,20,False
Identity-Shuffled,83,24108,5,False
Identity-Shuffled,84,17895,7,False
Identity-Shuffled,85,803,12,False
Identity-Shuffled,86,13218,20,False
Identity-Shuffled,87,3160,0,True
Identity-Shuffled,88,9244,12,False
Identity-Shuffled,89,4019,20,False
Identity-Shuffled,90,18759,0,True
Identity-Shuffled,91,9487,5,False
Identity-Shuffled,92,10211,0,True
Identity-Shuffled,93,1967,8,False
Identity-Shuffled,94,5086,2,False
Identity-Shuffled,95,4798,20,False
Identity-Shuffled,96,27468,13,False
Identity-Shuffled,97,3180,1,False
Identity-Shuffled,98,784,1,False
Identity-Shuffled,99,14095,2,False
Identity-Shuffled,100,12260,14,False
Identity-Shuffled,101,2312,1,False
Identity-Shuffled,102,20019,3,False
Identity-Shuffled,103,23113,8,False
Identity-Shuffled,104,4151,1,False
Identity-Shuffled,105,12284,4,False
Identity-Shuffled,106,2436,17,False
Identity-Shuffled,107,26352,10,False
Identity-Shuffled,108,21947,4,False
Identity-Shuffled,109,18047,10,False
Identity-Shuffled,110,7053,5,False
Identity-Shuffled,111,27869,19,False
Identity-Shuffled,112,15875,18,False
Identity-Shuffled,113,1241,1,False
Identity-Shuffled,114,23090,0,True
Identity-Shuffled,115,27381,10,False
Identity-Shuffled,116,15008,11,False
Identity-Shuffled,117,4037,2,False
Identity-Shuffled,118,14861,10,False
Identity-Shuffled,119,6176,2,False
Identity-Shuffled,120,24899,4,False
Identity-Shuffled,121,21928,2,False
Identity-Shuffled,122,22118,2,False
Identity-Shuffled,123,14066,2,False
Identity-Shuffled,124,8061,11,False
Identity-Shuffled,125,12393,4,False
Identity-Shuffled,126,14841,0,True
Identity-Shuffled,127,13375,2,False
Identity-Shuffled,128,11406,18,False
Identity-Shuffled,129,8209,18,False
Identity-Shuffled,130,5047,6,False
Identity-Shuffled,131,5179,10,False
Identity-Shuffled,132,1649,0,True
Identity-Shuffled,133,17001,4,False
Identity-Shuffled,134,2337,1,False
Identity-Shuffled,135,9948,20,False
Identity-Shuffled,136,24163,9,False
Identity-Shuffled,137,28001,6,False
Identity-Shuffled,138,9472,5,False
Identity-Shuffled,139,23138,11,False
Identity-Shuffled,140,13261,1,False
Identity-Shuffled,141,5174,6,False
Identity-Shuffled,142,24153,2,False
Identity-Shuffled,143,26326,6,False
Identity-Shuffled,144,9225,3,False
Identity-Shuffled,145,5110,2,False
Identity-Shuffled,146,10359,13,False
Identity-Shuffled,147,503,7,False
Identity-Shuffled,148,12388,7,False
Identity-Shuffled,149,11244,1,False
Identity-Shuffled,150,25731,3,False
Identity-Shuffled,151,15870,12,False
Identity-Shuffled,152,17909,0,True
Identity-Shuffled,153,14055,5,False
Identity-Shuffled,154,21932,6,False
Identity-Shuffled,155,10167,20,False
Identity-Shuffled,156,22231,14,False
Identity-Shuffled,157,20898,0,True
Identity-Shuffled,158,11233,16,False
Identity-Shuffled,159,25746,1,False
Identity-Shuffled,160,27118,7,False
Identity-Shuffled,161,15796,3,False
Identity-Shuffled,162,19973,10,False
Identity-Shuffled,163,12339,15,False
Identity-Shuffled,164,18003,2,False
Identity-Shuffled,165,6259,6,False
Identity-Shuffled,166,11204,20,False
Identity-Shuffled,167,27918,20,False
Identity-Shuffled,168,7033,2,False
Identity-Shuffled,169,20962,0,True
Identity-Shuffled,170,23133,5,False
Identity-Shuffled,171,9161,12,False
Identity-Shuffled,172,1704,2,False
Identity-Shuffled,173,14120,2,False
Identity-Shuffled,174,15895,1,False
Identity-Shuffled,175,469,2,False
Identity-Shuffled,176,2298,2,False
Identity-Shuffled,177,3208,13,False
Identity-Shuffled,178,2327,1,False
Identity-Shuffled,179,15826,13,False
Identity-Shuffled,180,19894,0,True
Identity-Shuffled,181,25769,6,False
Identity-Shuffled,182,24870,1,False
Identity-Shuffled,183,8159,3,False
Identity-Shuffled,184,12280,2,False
Identity-Shuffled,185,22095,9,False
Identity-Shuffled,186,7058,8,False
Identity-Shuffled,187,21913,20,False
Identity-Shuffled,188,14299,9,False
Identity-Shuffled,189,9428,5,False
Identity-Shuffled,190,24952,9,False
Identity-Shuffled,191,23025,1,False
Identity-Shuffled,192,27818,7,False
Identity-Shuffled,193,13247,0,True
Identity-Shuffled,194,26282,0,True
Identity-Shuffled,195,12324,3,False
Identity-Shuffled,196,21967,0,True
Identity-Shuffled,197,17978,5,False
Identity-Shuffled,198,14027,0,True
Identity-Shuffled,199,24123,8,False
Identity-Shuffled,200,15890,1,False
Identity-Shuffled,201,25846,12,False
Identity-Shuffled,202,14945,8,False
Identity-Shuffled,203,464,14,False
Identity-Shuffled,204,7072,8,False
Identity-Shuffled,205,12241,20,False
Identity-Shuffled,206,7126,16,False
Identity-Shuffled,207,6974,12,False
Identity-Shuffled,208,19944,15,False
Identity-Shuffled,209,63,7,False
Identity-Shuffled,210,4137,4,False
Identity-Shuffled,211,23069,1,False
Identity-Shuffled,212,1745,12,False
Identity-Shuffled,213,10295,0,True
Identity-Shuffled,214,6219,13,False
Identity-Shuffled,215,24074,10,False
Identity-Shuffled,216,10100,1,False
Identity-Shuffled,217,19114,5,False
Identity-Shuffled,218,18834,14,False
Identity-Shuffled,219,3894,0,True
Identity-Shuffled,220,7008,2,False
Identity-Shuffled,221,11430,0,True
Identity-Shuffled,222,24986,5,False
Identity-Shuffled,223,22085,16,False
Identity-Shuffled,224,24880,2,False
Identity-Shuffled,225,6224,14,False
Identity-Shuffled,226,11228,16,False
Identity-Shuffled,227,27638,13,False
Identity-Shuffled,228,6096,16,False
Identity-Shuffled,229,20860,12,False
Identity-Shuffled,230,14017,3,False
Identity-Shuffled,231,7451,2,False
Identity-Shuffled,232,9403,0,True
Identity-Shuffled,233,18784,7,False
Identity-Shuffled,234,3175,0,True
Identity-Shuffled,235,17045,15,False
Identity-Shuffled,236,9117,0,True
Identity-Shuffled,237,2081,2,False
Identity-Shuffled,238,14989,12,False
Identity-Shuffled,239,20854,14,False
Identity-Shuffled,240,26321,12,False
Identity-Shuffled,241,25659,8,False
Identity-Shuffled,242,26534,3,False
Identity-Shuffled,243,1245,10,False
Identity-Shuffled,244,847,20,False
Identity-Shuffled,245,17899,10,False
Identity-Shuffled,246,22055,4,False
Identity-Shuffled,247,13243,18,False
Identity-Shuffled,248,18032,0,True
Identity-Shuffled,249,17973,1,False
Identity-Shuffled,250,3303,16,False
Identity-Shuffled,251,12124,3,False
Identity-Shuffled,252,7062,3,False
Identity-Shuffled,253,27093,17,False
Identity-Shuffled,254,6244,10,False
Identity-Shuffled,255,23991,2,False
Identity-Shuffled,256,12413,11,False
Identity-Shuffled,257,24006,4,False
Identity-Shuffled,258,238,7,False
Identity-Shuffled,259,27900,20,False
Identity-Shuffled,260,8154,6,False
Identity-Shuffled,261,14001,5,False
Identity-Shuffled,262,18808,1,False
Identity-Shuffled,263,14984,13,False
Identity-Shuffled,264,1665,0,True
Identity-Shuffled,265,21026,12,False
Identity-Shuffled,266,22002,8,False
Identity-Shuffled,267,7043,1,False
Identity-Shuffled,268,14100,0,True
Identity-Shuffled,269,1694,2,False
Identity-Shuffled,270,9166,6,False
Identity-Shuffled,271,18790,3,False
Identity-Shuffled,272,18862,7,False
Identity-Shuffled,273,24143,4,False
Identity-Shuffled,274,25011,16,False
Identity-Shuffled,275,22007,6,False
Identity-Shuffled,276,27127,13,False
Identity-Shuffled,277,17958,20,False
Identity-Shuffled,278,8100,0,True
Identity-Shuffled,279,259,12,False
Identity-Shuffled,280,14925,1,False
Identity-Shuffled,281,8145,4,False
Identity-Shuffled,282,4190,14,False
Identity-Shuffled,283,4107,6,False
Identity-Shuffled,284,7048,2,False
Identity-Shuffled,285,479,1,False
Identity-Shuffled,286,13459,1,False
Identity-Shuffled,287,16957,4,False
Identity-Shuffled,288,14437,3,False
Identity-Shuffled,289,18754,1,False
Identity-Shuffled,290,1674,0,True
Identity-Shuffled,291,3131,18,False
Identity-Shuffled,292,4127,18,False
Identity-Shuffled,293,10193,14,False
Identity-Shuffled,294,13355,6,False
Identity-Shuffled,295,2318,0,True
Identity-Shuffled,296,1733,13,False
Identity-Shuffled,297,21962,1,False
Identity-Shuffled,298,28051,20,False
Identity-Shuffled,299,9087,20,False
Identity-Shuffled,300,7185,3,False
Identity-Shuffled,301,11283,12,False
Identity-Shuffled,302,14940,12,False
Identity-Shuffled,303,18897,7,False
Identity-Shuffled,304,11214,2,False
Identity-Shuffled,305,2362,1,False
Identity-Shuffled,306,16888,4,False
Identity-Shuffled,307,8016,12,False
Identity-Shuffled,308,3254,16,False
Identity-Shuffled,309,25799,7,False
Identity-Shuffled,310,19565,18,False
Identity-Shuffled,311,13301,10,False
Identity-Shuffled,312,19978,2,False
Identity-Shuffled,313,9239,4,False
Identity-Shuffled,314,20849,20,False
Identity-Shuffled,315,15924,0,True
Identity-Shuffled,316,7997,20,False
Identity-Shuffled,317,18818,1,False
Identity-Shuffled,318,23108,6,False
Identity-Shuffled,319,473,2,False
Identity-Shuffled,320,2557,20,False
Identity-Shuffled,321,2332,1,False
Identity-Shuffled,322,6998,1,False
Identity-Shuffled,323,27137,10,False
Identity-Shuffled,324,20996,12,False
Identity-Shuffled,325,25836,6,False
Identity-Shuffled,326,22985,0,True
Identity-Shuffled,327,11209,20,False
Identity-Shuffled,328,18857,0,True
Identity-Shuffled,329,12290,0,True
Identity-Shuffled,330,9279,9,False
Identity-Shuffled,331,108,16,False
Identity-Shuffled,332,27737,1,False
Identity-Shuffled,333,24016,14,False
Identity-Shuffled,334,14993,15,False
Identity-Shuffled,335,26361,9,False
Identity-Shuffled,336,24699,9,False
Identity-Shuffled,337,18290,8,False
Identity-Shuffled,338,24050,4,False
Identity-Shuffled,339,11254,1,False
Identity-Shuffled,340,27532,2,False
Identity-Shuffled,341,21056,5,False
Identity-Shuffled,342,23986,0,True
Identity-Shuffled,343,20928,2,False
Identity-Shuffled,344,21136,2,False
Identity-Shuffled,345,16918,5,False
Identity-Shuffled,346,4176,10,False
Identity-Shuffled,347,27147,10,False
Identity-Shuffled,348,6116,9,False
Identity-Shuffled,349,7028,0,True
Identity-Shuffled,350,13087,1,False
Identity-Shuffled,351,25856,19,False
Identity-Shuffled,352,17919,6,False
Identity-Shuffled,353,5210,20,False
Identity-Shuffled,354,11263,0,True
Identity-Shuffled,355,26360,8,False
Identity-Shuffled,356,13393,10,False
Identity-Shuffled,357,25002,10,False
Identity-Shuffled,358,5105,4,False
Identity-Shuffled,359,19820,6,False
Identity-Shuffled,360,18774,1,False
Identity-Shuffled,361,17924,0,True
Identity-Shuffled,362,8037,1,False
Identity-Shuffled,363,3279,8,False
Identity-Shuffled,364,1221,1,False
Identity-Shuffled,365,12456,0,True
Identity-Shuffled,366,5057,1,False
Identity-Shuffled,367,19904,9,False
Identity-Shuffled,368,2303,0,True
Identity-Shuffled,369,3250,15,False
Identity-Shuffled,370,16667,6,False
Identity-Shuffled,371,7092,5,False
Identity-Shuffled,372,10231,2,False
Identity-Shuffled,373,20874,0,True
Identity-Shuffled,374,13083,4,False
Identity-Shuffled,375,1718,8,False
Identity-Shuffled,376,1236,8,False
Identity-Shuffled,377,13341,8,False
Identity-Shuffled,378,12300,2,False
Identity-Shuffled,379,13858,1,False
Identity-Shuffled,380,5159,3,False
Identity-Shuffled,381,23661,3,False
Identity-Shuffled,382,27098,0,True
Identity-Shuffled,383,4833,19,False
Identity-Shuffled,384,4171,15,False
Identity-Shuffled,385,16003,5,False
Identity-Shuffled,386,11391,7,False
Identity-Shuffled,387,17040,10,False
Identity-Shuffled,388,7117,17,False
Identity-Shuffled,389,10313,5,False
Identity-Shuffled,390,2390,15,False
Identity-Shuffled,391,234,7,False
Identity-Shuffled,392,24166,12,False
Identity-Shuffled,393,2323,2,False
Identity-Shuffled,394,27723,17,False
Identity-Shuffled,395,17963,2,False
Identity-Shuffled,396,44,19,False
Identity-Shuffled,397,16721,2,False
Identity-Shuffled,398,8413,9,False
Identity-Shuffled,399,20893,1,False
Identity-Shuffled,400,17854,1,False
Identity-Shuffled,401,26753,13,False
Identity-Shuffled,402,7004,0,True
Identity-Shuffled,403,4087,0,True
Identity-Shuffled,404,768,8,False
Identity-Shuffled,405,16883,6,False
Identity-Shuffled,406,17874,20,False
Identity-Shuffled,407,18951,10,False
Identity-Shuffled,408,5140,16,False
Identity-Shuffled,409,26346,10,False
Identity-Shuffled,410,26176,8,False
Identity-Shuffled,411,25669,6,False
Identity-Shuffled,412,22060,5,False
Identity-Shuffled,413,9131,0,True
Identity-Shuffled,414,25026,9,False
Identity-Shuffled,415,12319,0,True
Identity-Shuffled,416,16967,2,False
Identity-Shuffled,417,7022,0,True
Identity-Shuffled,418,12916,0,True
Identity-Shuffled,419,9137,1,False
Identity-Shuffled,420,14216,0,True
Identity-Shuffled,421,23123,10,False
Identity-Shuffled,422,14886,4,False
Identity-Shuffled,423,21972,5,False
Identity-Shuffled,424,16986,3,False
Identity-Shuffled,425,18917,19,False
Identity-Shuffled,426,27397,3,False
Identity-Shuffled,427,6136,0,True
Identity-Shuffled,428,10324,6,False
Identity-Shuffled,429,26783,1,False
Identity-Shuffled,430,9234,7,False
Identity-Shuffled,431,25016,12,False
Identity-Shuffled,432,17011,13,False
Identity-Shuffled,433,14110,2,False
Identity-Shuffled,434,20104,5,False
Identity-Shuffled,435,18734,9,False
Identity-Shuffled,436,21060,15,False
Identity-Shuffled,437,797,11,False
Identity-Shuffled,438,24064,3,False
Identity-Shuffled,439,19968,4,False
Identity-Shuffled,440,23977,13,False
Identity-Shuffled,441,12369,3,False
Identity-Shuffled,442,24021,20,False
Identity-Shuffled,443,8392,7,False
Identity-Shuffled,444,20163,3,False
Identity-Shuffled,445,22958,15,False
Identity-Shuffled,446,6939,0,True
Identity-Shuffled,447,27727,9,False
Identity-Shuffled,448,8051,0,True
Identity-Shuffled,449,6180,0,True
Identity-Shuffled,450,1683,1,False
Identity-Shuffled,451,23143,14,False
Identity-Shuffled,452,13322,15,False
Identity-Shuffled,453,23099,15,False
Identity-Shuffled,454,8080,10,False
Identity-Shuffled,455,16996,9,False
Identity-Shuffled,456,14866,1,False
Identity-Shuffled,457,4886,1,False
Identity-Shuffled,458,11509,1,False
Identity-Shuffled,459,10255,1,False
Identity-Shuffled,460,5007,20,False
Identity-Shuffled,461,13312,9,False
Identity-Shuffled,462,16843,17,False
Identity-Shuffled,463,23035,7,False
Identity-Shuffled,464,14998,20,False
Identity-Shuffled,465,18072,11,False
Identity-Shuffled,466,25006,6,False
Identity-Shuffled,467,27156,11,False
Identity-Shuffled,468,5018,4,False
Identity-Shuffled,469,25487,18,False
Identity-Shuffled,470,4023,20,False
Identity-Shuffled,471,18804,2,False
Identity-Shuffled,472,5878,0,True
Identity-Shuffled,473,22046,0,True
Identity-Shuffled,474,14827,0,True
Identity-Shuffled,475,24026,7,False
Identity-Shuffled,476,8302,11,False
Identity-Shuffled,477,22031,14,False
Identity-Shuffled,478,242,1,False
Identity-Shuffled,479,4141,13,False
Identity-Shuffled,480,10202,1,False
Identity-Shuffled,481,22990,0,True
Identity-Shuffled,482,20907,4,False
Identity-Shuffled,483,26274,3,False
Identity-Shuffled,484,14086,1,False
Identity-Shuffled,485,1618,0,True
Identity-Shuffled,486,20888,14,False
Identity-Shuffled,487,15909,2,False
Identity-Shuffled,488,9249,9,False
Identity-Shuffled,489,13253,15,False
Identity-Shuffled,490,1550,3,False
Identity-Shuffled,491,25716,0,True
Identity-Shuffled,492,827,11,False
Identity-Shuffled,493,14032,1,False
Identity-Shuffled,494,22980,0,True
Identity-Shuffled,495,25750,4,False
Identity-Shuffled,496,18749,11,False
Identity-Shuffled,497,26714,0,True
Identity-Shuffled,498,10246,16,False
Identity-Shuffled,499,508,14,False
Identity-Shuffled,500,3298,14,False
Identity-Shuffled,501,788,17,False
Identity-Shuffled,502,12433,16,False
Identity-Shuffled,503,1645,20,False
Identity-Shuffled,504,13317,8,False
Identity-Shuffled,505,25789,9,False
Identity-Shuffled,506,112,17,False
Identity-Shuffled,507,1121,12,False
Identity-Shuffled,508,15983,10,False
Identity-Shuffled,509,9389,8,False
Identity-Shuffled,510,520,12,False
Identity-Shuffled,511,13360,5,False
Identity-Shuffled,512,10290,4,False
Identity-Shuffled,513,22105,0,True
Identity-Shuffled,514,15806,5,False
Identity-Shuffled,515,2867,0,True
Identity-Shuffled,516,5072,1,False
Identity-Shuffled,517,5184,10,False
Identity-Shuffled,518,26778,0,True
Identity-Shuffled,519,12438,13,False
Identity-Shuffled,520,5208,12,False
Identity-Shuffled,521,26733,18,False
Identity-Shuffled,522,5100,0,True
Identity-Shuffled,523,19815,2,False
Identity-Shuffled,524,3141,20,False
Identity-Shuffled,525,16903,8,False
Identity-Shuffled,526,9180,1,False
Identity-Shuffled,527,5744,2,False
Identity-Shuffled,528,18013,15,False
Identity-Shuffled,529,6150,1,False
Identity-Shuffled,530,494,6,False
Identity-Shuffled,531,3135,18,False
Identity-Shuffled,532,8065,12,False
Identity-Shuffled,533,1250,1,False
Identity-Shuffled,534,1849,2,False
Identity-Shuffled,535,25021,8,False
Identity-Shuffled,536,4838,1,False
Identity-Shuffled,537,10265,3,False
Identity-Shuffled,538,10430,1,False
Identity-Shuffled,539,24914,14,False
Identity-Shuffled,540,12403,9,False
Identity-Shuffled,541,15944,9,False
Identity-Shuffled,542,22071,13,False
Identity-Shuffled,543,12417,4,False
Identity-Shuffled,544,14876,4,False
Identity-Shuffled,545,19958,7,False
Identity-Shuffled,546,24889,6,False
Identity-Shuffled,547,266,17,False
Identity-Shuffled,548,1317,11,False
Identity-Shuffled,549,22995,8,False
Identity-Shuffled,550,22041,0,True
Identity-Shuffled,551,24079,1,False
Identity-Shuffled,552,24957,14,False
Identity-Shuffled,553,18922,20,False
Identity-Shuffled,554,24133,9,False
Identity-Shuffled,555,16878,0,True
Identity-Shuffled,556,21942,6,False
Identity-Shuffled,557,24118,8,False
Identity-Shuffled,558,15949,5,False
Identity-Shuffled,559,9294,15,False
Identity-Shuffled,560,27440,8,False
Identity-Shuffled,561,7097,8,False
Identity-Shuffled,562,5169,3,False
Identity-Shuffled,563,14130,12,False
Identity-Shuffled,564,4477,3,False
Identity-Shuffled,565,8987,8,False
Identity-Shuffled,566,21918,13,False
Identity-Shuffled,567,6076,0,True
Identity-Shuffled,568,18853,0,True
Identity-Shuffled,569,13453,3,False
Identity-Shuffled,570,12374,6,False
Identity-Shuffled,571,26287,0,True
Identity-Shuffled,572,19938,20,False
Identity-Shuffled,573,4246,5,False
Identity-Shuffled,574,20972,1,False
Identity-Shuffled,575,25764,0,True
Identity-Shuffled,576,4097,2,False
Identity-Shuffled,577,5013,0,True
Identity-Shuffled,578,27402,8,False
Identity-Shuffled,579,3170,1,False
Identity-Shuffled,580,10181,5,False
Identity-Shuffled,581,27674,10,False
Identity-Shuffled,582,19928,13,False
Identity-Shuffled,583,2431,16,False
Identity-Shuffled,584,3165,0,True
Identity-Shuffled,585,3269,15,False
Identity-Shuffled,586,26621,0,True
Identity-Shuffled,587,4042,12,False
Identity-Shuffled,588,103,10,False
Identity-Shuffled,589,15973,13,False
Identity-Shuffled,590,13346,6,False
Identity-Shuffled,591,9325,7,False
Identity-Shuffled,592,23059,7,False
Identity-Shuffled,593,25831,12,False
Identity-Shuffled,594,20957,2,False
Identity-Shuffled,595,6106,5,False
Identity-Shuffled,596,12305,1,False
Identity-Shuffled,597,5992,11,False
Identity-Shuffled,598,13257,3,False
Identity-Shuffled,599,7181,0,True
Identity-Shuffled,600,15791,6,False
Identity-Shuffled,601,1773,1,False
Identity-Shuffled,602,18057,2,False
Identity-Shuffled,603,823,13,False
Identity-Shuffled,604,24069,9,False
Identity-Shuffled,605,15865,12,False
Identity-Shuffled,606,26312,5,False
Identity-Shuffled,607,3218,7,False
Identity-Shuffled,608,23094,5,False
Identity-Shuffled,609,4877,2,False
Identity-Shuffled,610,11396,7,False
Identity-Shuffled,611,7470,0,True
Identity-Shuffled,612,24991,19,False
Identity-Shuffled,613,14135,7,False
Identity-Shuffled,614,11401,12,False
Identity-Shuffled,615,5932,0,True
Identity-Shuffled,616,4166,17,False
Identity-Shuffled,617,13365,7,False
Identity-Shuffled,618,19825,0,True
Identity-Shuffled,619,12311,0,True
Identity-Shuffled,620,20883,14,False
Identity-Shuffled,621,19909,2,False
Identity-Shuffled,622,1231,1,False
Identity-Shuffled,623,6057,20,False
Identity-Shuffled,624,18042,10,False
Identity-Shuffled,625,19987,13,False
Identity-Shuffled,626,258,14,False
Identity-Shuffled,627,11583,4,False
Identity-Shuffled,628,7229,0,True
Identity-Shuffled,629,582,12,False
Identity-Shuffled,630,5052,1,False
Identity-Shuffled,631,25860,16,False
Identity-Shuffled,632,24936,4,False
Identity-Shuffled,633,299,3,False
Identity-Shuffled,634,17953,15,False
Identity-Shuffled,635,13383,5,False
Identity-Shuffled,636,24054,0,True
Identity-Shuffled,637,13232,6,False
Identity-Shuffled,638,27795,18,False
Identity-Shuffled,639,24103,6,False
Identity-Shuffled,640,10368,6,False
Identity-Shuffled,641,10161,20,False
Identity-Shuffled,642,23000,12,False
Identity-Shuffled,643,8075,12,False
Identity-Shuffled,644,15904,3,False
Identity-Shuffled,645,24919,3,False
Identity-Shuffled,646,14821,5,False
Identity-Shuffled,647,17968,1,False
Identity-Shuffled,648,17036,6,False
Identity-Shuffled,649,2347,2,False
Identity-Shuffled,650,4907,3,False
Identity-Shuffled,651,16893,6,False
Identity-Shuffled,652,16972,1,False
Identity-Shuffled,653,27313,15,False
Identity-Shuffled,654,18022,13,False
Identity-Shuffled,655,19654,10,False
Identity-Shuffled,656,12408,2,False
Identity-Shuffled,657,6994,9,False
Identity-Shuffled,658,5022,0,True
Identity-Shuffled,659,17355,1,False
Identity-Shuffled,660,17890,4,False
Identity-Shuffled,661,13464,1,False
Identity-Shuffled,662,15963,1,False
Identity-Shuffled,663,11248,2,False
Identity-Shuffled,664,23166,14,False
Identity-Shuffled,665,27392,1,False
Identity-Shuffled,666,18932,13,False
Identity-Shuffled,667,11706,14,False
Identity-Shuffled,668,6269,14,False
Identity-Shuffled,669,17153,1,False
Identity-Shuffled,670,21937,20,False
Identity-Shuffled,671,27608,11,False
Identity-Shuffled,672,24001,0,True
Identity-Shuffled,673,14974,10,False
Identity-Shuffled,674,18877,17,False
Identity-Shuffled,675,19840,7,False
Identity-Shuffled,676,15978,5,False
Identity-Shuffled,677,19884,16,False
Identity-Shuffled,678,28240,2,False
Identity-Shuffled,679,14037,0,True
Identity-Shuffled,680,15013,20,False
Identity-Shuffled,681,2385,14,False
Identity-Shuffled,682,1206,4,False
Identity-Shuffled,683,19845,7,False
Identity-Shuffled,684,838,11,False
Identity-Shuffled,685,8115,1,False
Identity-Shuffled,686,12354,2,False
Identity-Shuffled,687,19835,0,True
Identity-Shuffled,688,7122,11,False
Identity-Shuffled,689,15737,11,False
Identity-Shuffled,690,7113,7,False
Identity-Shuffled,691,5062,1,False
Identity-Shuffled,692,11272,1,False
Identity-Shuffled,693,19983,9,False
Identity-Shuffled,694,12334,12,False
Identity-Shuffled,695,13326,17,False
Identity-Shuffled,696,27628,8,False
Identity-Shuffled,697,10305,6,False
Identity-Shuffled,698,16521,2,False
Identity-Shuffled,699,27436,16,False
Identity-Shuffled,700,21977,2,False
Identity-Shuffled,701,808,10,False
Identity-Shuffled,702,25073,20,False
Identity-Shuffled,703,15831,0,True
Identity-Shuffled,704,14891,0,True
Identity-Shuffled,705,21006,4,False
Identity-Shuffled,706,23020,4,False
Identity-Shuffled,707,14930,4,False
Identity-Shuffled,708,12423,9,False
Identity-Shuffled,709,4113,7,False
Identity-Shuffled,710,10340,7,False
Identity-Shuffled,711,11238,6,False
Identity-Shuffled,712,14846,3,False
Identity-Shuffled,713,15958,10,False
Identity-Shuffled,714,10206,0,True
Identity-Shuffled,715,16863,1,False
Identity-Shuffled,716,3204,3,False
Identity-Shuffled,717,12378,7,False
Identity-Shuffled,718,2426,20,False
Identity-Shuffled,719,23064,6,False
Identity-Shuffled,720,14115,11,False
Identity-Shuffled,721,16,12,False
Identity-Shuffled,722,24089,11,False
Identity-Shuffled,723,6101,1,False
Identity-Shuffled,724,14836,2,False
Identity-Shuffled,725,6234,11,False
Identity-Shuffled,726,24148,15,False
Identity-Shuffled,727,14080,0,True
Identity-Shuffled,728,9259,6,False
Identity-Shuffled,729,14453,5,False
Identity-Shuffled,730,7077,8,False
Identity-Shuffled,731,27583,2,False
Identity-Shuffled,732,10364,18,False
Identity-Shuffled,733,25720,1,False
Identity-Shuffled,734,28131,7,False
Identity-Shuffled,735,14920,0,True
Identity-Shuffled,736,9151,0,True
Identity-Shuffled,737,15968,4,False
Identity-Shuffled,738,18882,13,False
Identity-Shuffled,739,17020,11,False
Identity-Shuffled,740,27113,2,False
Identity-Shuffled,741,20913,1,False
Identity-Shuffled,742,12276,0,True
Identity-Shuffled,743,14954,4,False
Identity-Shuffled,744,26297,4,False
Identity-Shuffled,745,2394,15,False
Identity-Shuffled,746,1266,4,False
Identity-Shuffled,747,14042,0,True
Identity-Shuffled,748,14900,1,False
Identity-Shuffled,749,24759,8,False
Identity-Shuffled,750,14012,20,False
Identity-Shuffled,751,8120,6,False
Identity-Shuffled,752,20878,2,False
Identity-Shuffled,753,9195,3,False
Identity-Shuffled,754,14052,13,False
Identity-Shuffled,755,5189,13,False
Identity-Shuffled,756,8313,0,True
Identity-Shuffled,757,5853,20,False
Identity-Shuffled,758,8211,20,False
Identity-Shuffled,759,18867,14,False
Identity-Shuffled,760,22966,13,False
Identity-Shuffled,761,27411,12,False
Identity-Shuffled,762,24971,1,False
Identity-Shuffled,763,18769,1,False
Identity-Shuffled,764,19776,20,False
Identity-Shuffled,765,2307,0,True
Identity-Shuffled,766,26331,3,False
Identity-Shuffled,767,20992,0,True
Identity-Shuffled,768,14061,2,False
Identity-Shuffled,769,15732,8,False
Identity-Shuffled,770,2441,19,False
Identity-Shuffled,771,560,11,False
Identity-Shuffled,772,4062,11,False
Identity-Shuffled,773,18813,0,True
Identity-Shuffled,774,26685,2,False
Identity-Shuffled,775,19879,4,False
Identity-Shuffled,776,11366,3,False
Identity-Shuffled,777,15030,0,True
Identity-Shuffled,778,3274,4,False
Identity-Shuffled,779,27814,10,False
Identity-Shuffled,780,15884,5,False
Identity-Shuffled,781,26306,0,True
Identity-Shuffled,782,13200,14,False
Identity-Shuffled,783,7160,0,True
Identity-Shuffled,784,6959,1,False
Identity-Shuffled,785,18017,5,False
Identity-Shuffled,786,3195,1,False
Identity-Shuffled,787,8125,1,False
Identity-Shuffled,788,19810,19,False
Identity-Shuffled,789,17993,12,False
Identity-Shuffled,790,18887,1,False
Identity-Shuffled,791,4941,10,False
Identity-Shuffled,792,9102,2,False
Identity-Shuffled,793,10334,6,False
Identity-Shuffled,794,26278,2,False
Identity-Shuffled,795,14443,2,False
Identity-Shuffled,796,28189,11,False
Identity-Shuffled,797,27075,4,False
Identity-Shuffled,798,10285,3,False
Identity-Shuffled,799,14047,8,False
Identity-Shuffled,800,23103,5,False
Identity-Shuffled,801,21051,5,False
Identity-Shuffled,802,27732,2,False
Identity-Shuffled,803,22971,5,False
Identity-Shuffled,804,18848,0,True
Identity-Shuffled,805,9274,8,False
Identity-Shuffled,806,21982,6,False
Identity-Shuffled,807,14871,7,False
Identity-Shuffled,808,13380,3,False
Identity-Shuffled,809,229,2,False
Identity-Shuffled,810,24041,2,False
Identity-Shuffled,811,24894,0,True
Identity-Shuffled,812,2401,13,False
Identity-Shuffled,813,8090,0,True
Identity-Shuffled,814,2451,20,False
Identity-Shuffled,815,26356,9,False
Identity-Shuffled,816,27623,15,False
Identity-Shuffled,817,22025,9,False
Identity-Shuffled,818,27607,16,False
Identity-Shuffled,819,3016,1,False
Identity-Shuffled,820,15727,0,True
Identity-Shuffled,821,4862,1,False
Identity-Shuffled,822,4881,3,False
Identity-Shuffled,823,25780,6,False
Identity-Shuffled,824,25673,5,False
Identity-Shuffled,825,18912,13,False
Identity-Shuffled,826,24094,11,False
Identity-Shuffled,827,10300,0,True
Identity-Shuffled,828,794,11,False
Identity-Shuffled,829,10171,4,False
Identity-Shuffled,830,6209,3,False
Identity-Shuffled,831,14950,6,False
Identity-Shuffled,832,27406,5,False
Identity-Shuffled,833,14452,1,False
Identity-Shuffled,834,8203,9,False
Identity-Shuffled,835,23055,7,False
Identity-Shuffled,836,9175,1,False
Identity-Shuffled,837,8046,0,True
Identity-Shuffled,838,4161,5,False
Identity-Shuffled,839,7087,5,False
Identity-Shuffled,840,8259,0,True
Identity-Shuffled,841,16909,5,False
Identity-Shuffled,842,812,8,False
Identity-Shuffled,843,2,20,False
Identity-Shuffled,844,6111,14,False
Identity-Shuffled,845,11351,10,False
Identity-Shuffled,846,6126,0,True
Identity-Shuffled,847,24158,15,False
Identity-Shuffled,848,24947,9,False
Identity-Shuffled,849,10177,2,False
Identity-Shuffled,850,12294,0,True
Identity-Shuffled,851,21923,6,False
Identity-Shuffled,852,25784,7,False
Identity-Shuffled,853,4033,0,True
Identity-Shuffled,854,10269,3,False
Identity-Shuffled,855,21011,9,False
Identity-Shuffled,856,14021,6,False
Identity-Shuffled,857,18799,13,False
Identity-Shuffled,858,12349,12,False
Identity-Shuffled,859,26293,5,False
Identity-Shuffled,860,11356,6,False
Identity-Shuffled,861,6239,9,False
Identity-Shuffled,862,17934,7,False
Identity-Shuffled,863,26773,10,False
Identity-Shuffled,864,18941,2,False
Identity-Shuffled,865,19863,5,False
Identity-Shuffled,866,21908,20,False
Identity-Shuffled,867,861,18,False
Identity-Shuffled,868,3869,2,False
Identity-Shuffled,869,11371,16,False
Identity-Shuffled,870,2446,17,False
Identity-Shuffled,871,26341,1,False
Identity-Shuffled,872,21987,10,False
Identity-Shuffled,873,4476,3,False
Identity-Shuffled,874,17998,5,False
Identity-Shuffled,875,13113,1,False
Identity-Shuffled,876,1741,17,False
Identity-Shuffled,877,23050,9,False
Identity-Shuffled,878,5868,0,True
Identity-Shuffled,879,11219,1,False
Identity-Shuffled,880,5125,2,False
Identity-Shuffled,881,1275,20,False
Identity-Shuffled,882,5032,14,False
Identity-Shuffled,883,20014,1,False
Identity-Shuffled,884,16013,12,False
Identity-Shuffled,885,25814,2,False
Identity-Shuffled,886,1738,16,False
Identity-Shuffled,887,2381,0,True
Identity-Shuffled,888,16858,2,False
Identity-Shuffled,889,14856,16,False
Identity-Shuffled,890,11277,1,False
Identity-Shuffled,891,9126,2,False
Identity-Shuffled,892,6,19,False
Identity-Shuffled,893,9156,0,True
Identity-Shuffled,894,25841,5,False
Identity-Shuffled,895,25031,18,False
Identity-Shuffled,896,25035,13,False
Identity-Shuffled,897,24084,9,False
Identity-Shuffled,898,4200,13,False
Identity-Shuffled,899,4122,4,False
Identity-Shuffled,900,22100,7,False
Identity-Shuffled,901,13336,4,False
Identity-Shuffled,902,6199,5,False
Identity-Shuffled,903,15841,1,False
Identity-Shuffled,904,7170,0,True
Identity-Shuffled,905,22080,7,False
Identity-Shuffled,906,7933,2,False
Identity-Shuffled,907,5134,12,False
Identity-Shuffled,908,27122,5,False
Identity-Shuffled,909,25098,13,False
Identity-Shuffled,910,14964,6,False
Identity-Shuffled,911,20069,8,False
Identity-Shuffled,912,21996,5,False
Identity-Shuffled,913,23148,17,False
Identity-Shuffled,914,22012,0,True
Identity-Shuffled,915,26763,4,False
Identity-Shuffled,916,2971,5,False
Identity-Shuffled,917,6214,7,False
Identity-Shuffled,918,14851,6,False
Identity-Shuffled,919,6155,3,False
Identity-Shuffled,920,7146,10,False
Identity-Shuffled,921,19850,4,False
Identity-Shuffled,922,21991,0,True
Identity-Shuffled,923,6195,5,False
Identity-Shuffled,924,3089,19,False
Identity-Shuffled,925,832,2,False
Identity-Shuffled,926,22115,18,False
Identity-Shuffled,927,21180,16,False
Identity-Shuffled,928,10025,0,True
Identity-Shuffled,929,6190,1,False
Identity-Shuffled,930,26744,6,False
Identity-Shuffled,931,852,10,False
Identity-Shuffled,932,14910,2,False
Identity-Shuffled,933,17026,4,False
Identity-Shuffled,934,8134,7,False
Identity-Shuffled,935,10215,1,False
Identity-Shuffled,936,5164,5,False
Identity-Shuffled,937,16840,20,False
Identity-Shuffled,938,17904,5,False
Identity-Shuffled,939,4205,14,False
Identity-Shuffled,940,20005,8,False
Identity-Shuffled,941,18828,3,False
Identity-Shuffled,942,11336,8,False
Identity-Shuffled,943,25103,10,False
Identity-Shuffled,944,3239,8,False
Identity-Shuffled,945,10279,9,False
Identity-Shuffled,946,4028,17,False
Identity-Shuffled,947,6141,0,True
Identity-Shuffled,948,19899,1,False
Identity-Shuffled,949,16854,2,False
Identity-Shuffled,950,25551,5,False
Identity-Shuffled,951,6248,13,False
Identity-Shuffled,952,23153,9,False
Identity-Shuffled,953,9502,10,False
Identity-Shuffled,954,14881,1,False
Identity-Shuffled,955,28232,0,True
Identity-Shuffled,956,24996,2,False
Identity-Shuffled,957,18843,10,False
Identity-Shuffled,958,24113,6,False
Identity-Shuffled,959,22961,12,False
Identity-Shuffled,960,11385,8,False
Identity-Shuffled,961,14447,1,False
Identity-Shuffled,962,10349,8,False
Identity-Shuffled,963,20942,3,False
Identity-Shuffled,964,1255,2,False
Identity-Shuffled,965,27426,0,True
Identity-Shuffled,966,26718,2,False
Identity-Shuffled,967,11331,8,False
Identity-Shuffled,968,15821,7,False
Identity-Shuffled,969,4132,13,False
Identity-Shuffled,970,26302,1,False
Identity-Shuffled,971,9111,19,False
Identity-Shuffled,972,5027,3,False
Identity-Shuffled,973,22065,15,False
Identity-Shuffled,974,9220,4,False
Identity-Shuffled,975,11410,16,False
Identity-Shuffled,976,1962,15,False
Identity-Shuffled,977,23074,10,False
Identity-Shuffled,978,24962,5,False
Identity-Shuffled,979,7,14,False
Identity-Shuffled,980,10260,8,False
Identity-Shuffled,981,20918,9,False
Identity-Shuffled,982,24976,17,False
Identity-Shuffled,983,4048,12,False
Identity-Shuffled,984,6377,1,False
Identity-Shuffled,985,22090,4,False
Identity-Shuffled,986,11381,5,False
Identity-Shuffled,987,24967,7,False
Identity-Shuffled,988,28125,20,False
Identity-Shuffled,989,26748,5,False
Identity-Shuffled,990,23158,13,False
Identity-Shuffled,991,9433,3,False
Identity-Shuffled,992,25760,14,False
Identity-Shuffled,993,113,16,False
Identity-Shuffled,994,2396,18,False
Identity-Shuffled,995,19913,7,False
Identity-Shuffled,996,11258,1,False
Identity-Shuffled,997,8401,14,False
Identity-Shuffled,998,10397,0,True
Identity-Shuffled,999,24932,5,False
Identity-Shuffled,1000,5849,20,False
Identity-Shuffled,1001,18892,6,False
Identity-Shuffled,1002,10226,1,False
Identity-Shuffled,1003,3034,1,False
Identity-Shuffled,1004,18921,11,False
Identity-Shuffled,1005,16922,0,True
Identity-Shuffled,1006,26787,9,False
Identity-Shuffled,1007,12359,4,False
Identity-Shuffled,1008,12428,11,False
Identity-Shuffled,1009,19860,6,False
Identity-Shuffled,1010,17031,3,False
Identity-Shuffled,1011,25943,7,False
Identity-Shuffled,1012,15850,2,False
Identity-Shuffled,1013,17939,4,False
Identity-Shuffled,1014,17157,1,False
Identity-Shuffled,1015,6131,5,False
Identity-Shuffled,1016,3482,20,False
Identity-Shuffled,1017,11287,18,False
Identity-Shuffled,1018,15880,18,False
Identity-Shuffled,1019,23030,6,False
Identity-Shuffled,1020,18823,2,False
Identity-Shuffled,1021,6160,2,False
Identity-Shuffled,1022,18077,13,False
Identity-Shuffled,1023,25654,4,False
Identity-Shuffled,1024,4102,2,False
Identity-Shuffled,1025,4990,9,False
Identity-Shuffled,1026,17983,3,False
Identity-Shuffled,1027,1270,3,False
Identity-Shuffled,1028,11316,9,False
Identity-Shuffled,1029,22110,10,False
Identity-Shuffled,1030,27338,1,False
Identity-Shuffled,1031,17914,0,True
Identity-Shuffled,1032,24099,5,False
Identity-Shuffled,1033,23005,1,False
Identity-Shuffled,1034,18291,20,False
Identity-Shuffled,1035,24046,3,False
Identity-Shuffled,1036,4067,1,False
Identity-Shuffled,1037,3230,18,False
Identity-Shuffled,1038,23337,16,False
Identity-Shuffled,1039,20937,8,False
Identity-Shuffled,1040,19571,13,False
Identity-Shuffled,1041,3259,17,False
Identity-Shuffled,1042,1196,2,False
Identity-Shuffled,1043,2352,8,False
Identity-Shuffled,1044,27967,20,False
Identity-Shuffled,1045,17006,5,False
Identity-Shuffled,1046,11341,2,False
Identity-Shuffled,1047,21046,17,False
Identity-Shuffled,1048,9298,18,False
Identity-Shuffled,1049,18037,18,False
Identity-Shuffled,1050,23084,3,False
Identity-Shuffled,1051,23079,18,False
Identity-Shuffled,1052,3244,20,False
Identity-Shuffled,1053,3200,1,False
Identity-Shuffled,1054,22976,4,False
Identity-Shuffled,1055,26316,14,False
Identity-Shuffled,1056,12344,5,False
Identity-Shuffled,1057,7150,20,False
Identity-Shuffled,1058,7130,20,False
Identity-Shuffled,1059,10538,11,False
Identity-Shuffled,1060,11312,7,False
Identity-Shuffled,1061,3213,11,False
Identity-Shuffled,1062,10251,4,False
Identity-Shuffled,1063,23996,2,False
Identity-Shuffled,1064,21036,5,False
Identity-Shuffled,1065,13227,2,False
Identity-Shuffled,1066,21952,0,True
Identity-Shuffled,1067,25740,1,False
Identity-Shuffled,1068,23118,3,False
Identity-Shuffled,1069,2376,4,False
Identity-Shuffled,1070,24036,9,False
Identity-Shuffled,1071,11267,1,False
Identity-Shuffled,1072,16848,4,False
Identity-Shuffled,1073,21041,8,False
Identity-Shuffled,1074,8164,10,False
Identity-Shuffled,1075,24011,6,False
Identity-Shuffled,1076,13370,12,False
Identity-Shuffled,1077,5203,3,False
Identity-Shuffled,1078,14071,1,False
Identity-Shuffled,1079,21165,11,False
Identity-Shuffled,1080,11711,16,False
Identity-Shuffled,1081,26724,3,False
Identity-Shuffled,1082,1845,17,False
Identity-Shuffled,1083,3284,5,False
Identity-Shuffled,1084,20010,0,True
Identity-Shuffled,1085,3377,12,False
Identity-Shuffled,1086,1215,3,False
Identity-Shuffled,1087,19923,1,False
Identity-Shuffled,1088,5145,5,False
Identity-Shuffled,1089,10354,15,False
Identity-Shuffled,1090,616,15,False
Identity-Shuffled,1091,21957,10,False
Identity-Shuffled,1092,25278,6,False
Identity-Shuffled,1093,518,6,False
Identity-Shuffled,1094,15988,11,False
Identity-Shuffled,1095,743,0,True
Identity-Shuffled,1096,20869,1,False
Identity-Shuffled,1097,25826,13,False
Identity-Shuffled,1098,14125,3,False
Identity-Shuffled,1099,12246,10,False
Identity-Shuffled,1100,11119,2,False
Identity-Shuffled,1101,2371,2,False
Identity-Shuffled,1102,248,15,False
Identity-Shuffled,1103,1698,9,False
Identity-Shuffled,1104,9190,16,False
Identity-Shuffled,1105,14105,0,True
Identity-Shuffled,1106,27633,19,False
Identity-Shuffled,1107,6988,8,False
Identity-Shuffled,1108,27981,19,False
Identity-Shuffled,1109,20987,4,False
Identity-Shuffled,1110,9092,20,False
Identity-Shuffled,1111,18744,12,False
Identity-Shuffled,1112,2541,19,False
Identity-Shuffled,1113,2421,11,False
Identity-Shuffled,1114,25775,5,False
Identity-Shuffled,1115,12314,0,True
Identity-Shuffled,1116,18027,12,False
Identity-Shuffled,1117,8274,3,False
Identity-Shuffled,1118,15835,0,True
Identity-Shuffled,1119,10197,2,False
Identity-Shuffled,1120,8179,9,False
Identity-Shuffled,1121,15845,7,False
Identity-Shuffled,1122,1826,1,False
Identity-Shuffled,1123,6039,11,False
Identity-Shuffled,1124,23044,0,True
Identity-Shuffled,1125,3223,1,False
Identity-Shuffled,1126,24059,7,False
Identity-Shuffled,1127,27152,1,False
Identity-Shuffled,1128,860,3,False
Identity-Shuffled,1129,16225,16,False
Identity-Shuffled,1130,10344,7,False
Identity-Shuffled,1131,2288,7,False
Identity-Shuffled,1132,9264,18,False
Identity-Shuffled,1133,3119,17,False
Identity-Shuffled,1134,1279,19,False
Identity-Shuffled,1135,9083,20,False
Identity-Shuffled,1136,2411,16,False
Identity-Shuffled,1137,18725,0,True
Identity-Shuffled,1138,17016,4,False
Identity-Shuffled,1139,3289,4,False
Identity-Shuffled,1140,18008,1,False
Identity-Shuffled,1141,3150,1,False
Identity-Shuffled,1142,513,0,True
Identity-Shuffled,1143,6051,9,False
Identity-Shuffled,1144,14731,1,False
Identity-Shuffled,1145,7194,7,False
Identity-Shuffled,1146,12255,19,False
Identity-Shuffled,1147,27742,0,True
Identity-Shuffled,1148,8141,3,False
Identity-Shuffled,1149,4082,0,True
Identity-Shuffled,1150,14959,6,False
Identity-Shuffled,1151,7894,0,True
Identity-Shuffled,1152,15855,0,True
Identity-Shuffled,1153,24981,5,False
Identity-Shuffled,1154,22051,5,False
Identity-Shuffled,1155,26535,0,True
Identity-Shuffled,1156,5076,2,False
Identity-Shuffled,1157,13388,16,False
Identity-Shuffled,1158,8169,7,False
Identity-Shuffled,1159,26758,5,False
Identity-Shuffled,1160,23163,15,False
Identity-Shuffled,1161,4093,13,False
Identity-Shuffled,1162,17929,9,False
Identity-Shuffled,1163,13307,2,False
Identity-Shuffled,1164,24924,7,False
Identity-Shuffled,1165,1659,0,True
Identity-Shuffled,1166,19874,8,False
Identity-Shuffled,1167,27281,1,False
Identity-Shuffled,1168,5130,0,True
Identity-Shuffled,1169,12398,8,False
Identity-Shuffled,1170,1841,9,False
Identity-Shuffled,1171,28017,20,False
Identity-Shuffled,1172,6121,5,False
Identity-Shuffled,1173,18067,10,False
Identity-Shuffled,1174,21016,13,False
Identity-Shuffled,1175,15914,2,False
Identity-Shuffled,1176,10449,14,False
Identity-Shuffled,1177,4156,7,False
Identity-Shuffled,1178,23982,5,False
Identity-Shuffled,1179,27846,5,False
Identity-Shuffled,1180,16913,10,False
Identity-Shuffled,1181,3155,14,False
Identity-Shuffled,1182,7809,0,True
Identity-Shuffled,1183,1654,1,False
Identity-Shuffled,1184,7889,1,False
Identity-Shuffled,1185,5154,11,False
Identity-Shuffled,1186,14895,0,True
Identity-Shuffled,1187,9340,7,False
Identity-Shuffled,1188,6229,9,False
Identity-Shuffled,1189,27021,0,True
Identity-Shuffled,1190,18838,3,False
Identity-Shuffled,1191,16991,2,False
Identity-Shuffled,1192,15017,13,False
Identity-Shuffled,1193,5120,1,False
Identity-Shuffled,1194,19953,12,False
Identity-Shuffled,1195,2357,2,False
Identity-Shuffled,1196,19119,5,False
Identity-Shuffled,1197,26646,7,False
Identity-Shuffled,1198,16898,4,False
Identity-Shuffled,1199,15815,8,False
Identity-Shuffled,1200,25754,17,False
Identity-Shuffled,1201,15899,3,False
Identity-Shuffled,1202,19963,8,False
Identity-Shuffled,1203,16526,1,False
Identity-Shuffled,1204,25078,14,False
Identity-Shuffled,1205,26336,2,False
Identity-Shuffled,1206,25819,12,False
Identity-Shuffled,1207,26946,1,False
Identity-Shuffled,1208,14752,0,True
Identity-Shuffled,1209,20933,0,True
Identity-Shuffled,1210,27857,18,False
Identity-Shuffled,1211,25735,2,False
Identity-Shuffled,1212,23860,0,True
Identity-Shuffled,1213,26739,7,False
Identity-Shuffled,1214,27613,7,False
Identity-Shuffled,1215,24942,7,False
Identity-Shuffled,1216,20982,0,True
Identity-Shuffled,1217,2721,15,False
Identity-Shuffled,1218,4072,2,False
Identity-Shuffled,1219,17944,14,False
Identity-Shuffled,1220,25809,8,False
Identity-Shuffled,1221,2406,18,False
Identity-Shuffled,1222,7136,20,False
Identity-Shuffled,1223,9200,0,True
Identity-Shuffled,1224,7107,13,False
Identity-Shuffled,1225,19830,2,False
Identity-Shuffled,1226,2293,10,False
Identity-Shuffled,1227,19933,5,False
Identity-Shuffled,1228,13013,5,False
Identity-Shuffled,1229,4186,12,False
Identity-Shuffled,1230,8189,16,False
Identity-Shuffled,1231,13223,2,False
Identity-Shuffled,1232,22016,4,False
Identity-Shuffled,1233,15003,6,False
Identity-Shuffled,1234,13237,14,False
Identity-Shuffled,1235,20418,20,False
Identity-Shuffled,1236,20864,0,True
Identity-Shuffled,1237,13331,3,False
Identity-Shuffled,1238,7804,0,True
Identity-Shuffled,1239,20903,0,True
Identity-Shuffled,1240,7082,12,False
Identity-Shuffled,1241,27809,6,False
Identity-Shuffled,1242,4309,7,False
Identity-Shuffled,1243,17949,12,False
Identity-Shuffled,1244,8031,0,True
Identity-Shuffled,1245,6925,20,False
Identity-Shuffled,1246,7318,10,False
Identity-Shuffled,1247,4985,12,False
Identity-Shuffled,1248,2416,19,False
Identity-Shuffled,1249,27108,15,False
Identity-Shuffled,1250,17677,5,False
Identity-Shuffled,1251,16962,4,False
Identity-Shuffled,1252,8289,13,False
Identity-Shuffled,1253,1261,5,False
Identity-Shuffled,1254,12363,1,False
Identity-Shuffled,1255,6949,6,False
Identity-Shuffled,1256,14905,0,True
