material_id,seed1_transport_contribution,support_count
23166,0.002513691215640242,57
27967,0.0019911265419652463,80
21060,0.0015000682075079358,65
19987,0.0014804487387060498,47
24166,0.0011904969981346612,54
17045,0.0011614243112662297,67
1741,0.0011311565291157821,60
3303,0.0010108573285445234,70
6269,0.0010072921516804298,55
16225,0.000874644917700881,65
27981,0.0006503248442416245,73
22118,0.0006167882848714456,44
25035,0.0005951517556018599,53
1845,0.0005556588724738682,78
18921,0.0005555715623572529,37
2288,0.0004909051841012862,44
25860,0.00045866836202207526,65
2411,0.00041449378861501356,74
27857,0.0003582064962820505,80
2416,0.0003375601525323416,72
28051,0.00031650717740557433,80
22115,0.00031399769231798343,76
2426,0.0003085725555972235,80
4205,0.0002882913350430511,39
25487,0.0002782260432229522,71
7126,0.00026375680858275254,63
2406,0.00024957347974689635,72
1275,0.00023602839761756571,78
2396,0.00021926488751050684,61
18290,0.00020819435666421005,30
2394,0.0001991671290736484,62
27869,0.00019782359879999358,80
23163,0.00018525908960090033,39
259,0.0001841961786869621,80
2390,0.00017938199197037205,57
4127,0.00017708895339827688,69
13393,0.0001530655913634197,54
3228,0.0001438826759606818,12
11406,0.0001373183815076681,60
1962,0.00013472251255664455,67
25831,0.00012347971041803057,53
18843,0.00011843615325631752,40
1967,0.0001141610756901188,17
6195,0.00011176653402161214,15
6190,0.00010594270618838775,7
5208,0.00010173246124392202,43
1849,9.937617911897871e-05,4
11410,9.854477191910087e-05,54
25826,9.577254590401201e-05,48
2401,9.444417943800033e-05,34
8125,9.376126871825643e-05,8
10364,9.372142250677577e-05,59
464,9.240427466218174e-05,49
27607,8.830703929424178e-05,51
9428,8.222996237324029e-05,25
5134,8.142438490878872e-05,29
1745,8.070899822166757e-05,80
4132,8.021363042089062e-05,34
27440,7.842621184630674e-05,32
11396,7.641890088783791e-05,17
6399,7.526295583686917e-05,8
3218,7.436352292793658e-05,23
6039,7.355613291055527e-05,26
2385,7.263233223573359e-05,56
7043,7.248278113322528e-05,5
9289,7.208037429978454e-05,35
9298,7.171491687979453e-05,71
3223,7.03680492599468e-05,4
18003,6.934841430604547e-05,8
11331,6.799501152481863e-05,30
7048,6.690473726973469e-05,10
10368,6.626798988572114e-05,24
7087,6.578793124320985e-05,23
12433,6.538698710212808e-05,46
25669,6.478490695876741e-05,19
21180,6.310477103792337e-05,51
13336,6.221712310285383e-05,20
11356,6.202331671496842e-05,17
17040,6.184904291692206e-05,44
19565,5.954819051916972e-05,80
21913,5.945107736387426e-05,80
20849,5.841377775632787e-05,80
21908,5.8375011720703736e-05,80
19776,5.824779064719398e-05,80
27846,5.7989848871675124e-05,31
11391,5.756133915588611e-05,34
9220,5.718495257451137e-05,14
7053,5.66468405823366e-05,14
24889,5.559495455391731e-05,28
18716,5.471462163246161e-05,80
852,5.1801830156042264e-05,31
24089,5.161098184362264e-05,46
18922,5.1248305601311056e-05,80
4309,5.099327444779354e-05,12
12300,5.0639174052817644e-05,8
8120,5.0072872937103425e-05,31
2421,4.871428723963375e-05,19
23094,4.862599459820411e-05,11
11361,4.797098606022679e-05,22
12354,4.754594107749511e-05,8
17983,4.7283864896101266e-05,13
10354,4.6454564734123485e-05,61
508,4.597873460294318e-05,62
26176,4.5534996635390184e-05,37
5154,4.536334575422361e-05,38
26361,4.530661345271158e-05,39
9264,4.481594970028094e-05,75
14930,4.46314777755643e-05,15
4161,4.3976271619740555e-05,14
21918,4.3824602068701385e-05,53
14959,4.371621042281106e-05,20
12374,4.342458479504235e-05,22
2451,4.32509051698317e-05,80
20854,4.2583977555917855e-05,58
14120,4.118460785439843e-05,14
4200,4.116361638963322e-05,62
15737,4.098387011228779e-05,41
14974,4.085615702539054e-05,38
4023,4.0302250981778934e-05,80
8179,3.977091293147709e-05,32
10334,3.971304387988653e-05,24
19571,3.9519308356466275e-05,53
18932,3.9146516941434545e-05,54
16981,3.908777644713353e-05,19
24148,3.898348944631014e-05,60
21011,3.884937759557069e-05,23
22966,3.8796677869401005e-05,54
10290,3.8627393647324204e-05,17
13464,3.817959483597609e-05,9
7318,3.792066929589945e-05,42
14979,3.651649143389681e-05,39
7122,3.5628127715948716e-05,31
5169,3.54943321639253e-05,9
10285,3.524049622759889e-05,13
4171,3.520903265725751e-05,23
12438,3.519760495861522e-05,32
19913,3.518033971841186e-05,25
11336,3.516410684021051e-05,21
28131,3.491398369236831e-05,31
1728,3.4845272755338426e-05,17
13346,3.4606220411848204e-05,20
12417,3.4210872314237966e-05,23
2357,3.3898161016875336e-05,6
2446,3.3317864052980105e-05,51
5184,3.323490513444908e-05,32
3034,3.3139261295256274e-05,5
13388,3.311891105897182e-05,67
5164,3.292329721449765e-05,8
22958,3.2363824766761535e-05,62
10324,3.236168766910018e-05,22
3244,3.193135683541907e-05,72
20418,3.1541003500007936e-05,80
1645,3.153802774272282e-05,80
18291,3.1075292957642537e-05,80
12428,3.0998225320379166e-05,28
20860,3.049435876590734e-05,51
2371,3.016828024600337e-05,9
16667,2.991867851449005e-05,12
3482,2.9593847882109117e-05,80
2342,2.953800128340968e-05,6
9239,2.9290535186441146e-05,16
8189,2.8564059813193853e-05,65
4941,2.8443217795414033e-05,49
23113,2.8399867984862747e-05,19
3254,2.8233386599961956e-05,62
25021,2.8180491472401917e-05,31
13013,2.7886876548110324e-05,12
2362,2.766598817995667e-05,2
12378,2.7370218375990234e-05,29
8141,2.7014456254703278e-05,12
9274,2.6793475217377167e-05,21
4137,2.669034682394017e-05,7
4010,2.642540229795904e-05,40
26352,2.622485960178041e-05,32
10305,2.549175440915465e-05,19
9433,2.5442337965539646e-05,8
3165,2.5354543406251862e-05,4
23996,2.5300844418291663e-05,9
6939,2.5164673387037647e-05,2
7097,2.514635570968409e-05,29
7117,2.511536697788788e-05,61
5007,2.4601815079170848e-05,80
3259,2.4270713489305736e-05,65
12383,2.4136331303087663e-05,14
4146,2.4040285959147512e-05,65
24709,2.3683314259783618e-05,5
4798,2.357784312067957e-05,80
6101,2.3561746735850025e-05,6
16977,2.3330117967147283e-05,32
13351,2.325388591840989e-05,32
15008,2.3234757423667895e-05,37
1255,2.3198233310867347e-05,6
3160,2.3120728749606303e-05,2
26331,2.311581951080472e-05,13
2347,2.30896055751807e-05,12
1206,2.3010448028487196e-05,11
23020,2.3001155091705868e-05,23
2337,2.2985720918273074e-05,4
17998,2.2944759069366556e-05,10
1231,2.2840809947514058e-05,7
4156,2.2662770002730892e-05,14
5174,2.197122354138659e-05,20
25814,2.1955966534191816e-05,12
4122,2.1769898684963043e-05,10
12369,2.155706753325357e-05,7
4141,2.1542253700080097e-05,53
12359,2.1248131012276735e-05,5
9126,2.1090628948884032e-05,11
12403,2.101362475889496e-05,35
18008,2.090899174845887e-05,4
3250,2.080265204919562e-05,54
6229,2.078760442697597e-05,17
16967,2.0679970638148446e-05,6
14950,2.0582279701962204e-05,14
3016,2.058055868227339e-05,15
2867,2.0537115577869656e-05,3
5203,2.036027728513787e-05,15
2441,2.0295215697153367e-05,72
9234,2.0220185991335153e-05,33
6214,1.993317708945431e-05,19
2081,1.991060974120712e-05,15
4019,1.9586699630674756e-05,80
3200,1.9439647140203978e-05,8
28125,1.9202595436573925e-05,80
8037,1.8829980730677223e-05,5
14125,1.8684023279448362e-05,6
1704,1.851509791827579e-05,7
4087,1.8257082601615917e-05,3
4990,1.8214806762036342e-05,10
1773,1.812482485676319e-05,2
21051,1.808149705131845e-05,9
4181,1.7909230683839944e-05,28
2381,1.788550751417681e-05,6
12305,1.7817589751737363e-05,3
4838,1.718999946361292e-05,3
14095,1.7132721151926184e-05,2
3131,1.7006945985160387e-05,69
8134,1.6997766092293403e-05,17
12388,1.69257734407574e-05,15
23040,1.6731397731921636e-05,20
10197,1.668358824104592e-05,9
17880,1.627619703203806e-05,55
4151,1.625358230999741e-05,5
305,1.6148751967405527e-05,58
13355,1.6140187056600147e-05,25
2293,1.5725307812741597e-05,80
26274,1.571133315923324e-05,11
7170,1.5542928070570157e-05,3
11119,1.551005231327452e-05,7
23977,1.5437220493839415e-05,55
860,1.5415050402861796e-05,4
16991,1.4840929379629764e-05,3
2323,1.4804833255374089e-05,5
10313,1.466107084951376e-05,17
10359,1.4630765024702515e-05,37
3135,1.4574450490628777e-05,71
10215,1.4573127559769616e-05,2
832,1.4524151914656309e-05,5
10340,1.4391577333402819e-05,25
6057,1.4254357148179704e-05,80
19973,1.4061558356301356e-05,39
17001,1.3955006234917985e-05,11
2327,1.3793301190979067e-05,5
10025,1.3775918767794705e-05,1
16848,1.3760790116118234e-05,15
6051,1.3678439126402924e-05,24
8392,1.3524970874147065e-05,23
4082,1.3317146221088268e-05,3
18818,1.3231098580198227e-05,2
3089,1.3164931953341979e-05,74
20907,1.307236815545345e-05,8
4037,1.299658359705701e-05,5
3869,1.2916701949613042e-05,3
4281,1.2816976560473756e-05,4
4067,1.2786365610758596e-05,3
22961,1.2574274300803461e-05,50
13237,1.2429852675673825e-05,43
16957,1.2397511407037378e-05,10
16843,1.2197166627988109e-05,73
7072,1.2134766628385835e-05,24
6126,1.2125671723153263e-05,4
21967,1.1848689111630468e-05,3
6248,1.1817645137799574e-05,34
19815,1.170282963161818e-05,1
1841,1.1560866285541673e-05,42
17854,1.1402467886360802e-05,2
7092,1.1286501251451409e-05,13
2303,1.1257315006258553e-05,2
26336,1.112012068859927e-05,3
23108,1.1053094158299271e-05,10
14964,1.1014866439328655e-05,18
6087,1.0987044556495592e-05,4
24113,1.0741591283931115e-05,18
15963,1.06892651219021e-05,6
27093,1.0677082745642232e-05,62
4862,1.024140404083163e-05,4
1826,1.020820429724115e-05,1
5210,1.0132050008731872e-05,80
2332,1.004703924273453e-05,3
1241,1.004463844606585e-05,6
14881,1.0013815996876067e-05,2
17874,9.893520855600763e-06,80
10202,9.779317177872426e-06,7
3119,9.577469678750465e-06,64
15978,9.56893767454994e-06,18
26946,9.252744242641225e-06,5
15954,8.97035404084503e-06,29
7107,8.95912458482214e-06,47
11244,8.936789547592779e-06,4
24880,8.844429804861864e-06,6
11248,8.749757188749149e-06,3
11254,8.718931938544629e-06,5
3180,8.449000923381627e-06,5
6136,8.444202422270554e-06,1
19933,8.379552459442357e-06,13
16972,8.338151745591065e-06,4
9487,8.234709114239166e-06,8
503,8.117636823624447e-06,18
21928,8.046107802183071e-06,8
11277,8.0064231676697e-06,2
6199,7.95160020023887e-06,6
17973,7.948582638478853e-06,3
24952,7.636895016901732e-06,22
6959,7.5420410656475696e-06,2
11258,7.499050210728332e-06,4
9137,7.337417103346012e-06,2
13360,7.168528784046133e-06,31
11381,7.079556218189332e-06,25
9131,6.92171811034806e-06,2
3274,6.728769725129757e-06,11
23084,6.69711435934042e-06,12
18017,6.695316165077965e-06,16
8211,6.561624242208579e-06,80
1215,6.494777546653914e-06,10
2307,6.359051361259314e-06,3
7933,6.357592519764768e-06,2
20005,6.354395398365742e-06,30
8259,6.3393750955088176e-06,1
8154,6.291072798413971e-06,15
9472,6.206802796776572e-06,15
2436,6.085289624208137e-06,53
10300,6.0208064154166344e-06,1
20893,5.999723965274314e-06,8
15914,5.951214158560432e-06,7
26535,5.907018413255723e-06,3
10226,5.7292847784557046e-06,1
10100,5.6795537724021435e-06,4
10279,5.6543875549635465e-06,37
8046,5.6286944557876e-06,1
23079,5.626460140790488e-06,72
22007,5.617397012939199e-06,6
1689,5.449724691094048e-06,11
15919,5.26813058258581e-06,7
1196,5.254850262843212e-06,7
131,5.225861108663052e-06,18
19820,5.2086988544032225e-06,13
13261,5.050075352129773e-06,2
12363,5.039430001311991e-06,1
8051,4.987275472453864e-06,1
7,4.937361042412701e-06,66
12280,4.910208960285496e-06,1
21923,4.853048607097657e-06,26
13331,4.6865519622008715e-06,13
17914,4.635733900263124e-06,2
18759,4.568816027567161e-06,2
16840,4.542487856023944e-06,80
5110,4.3088684643589526e-06,2
2431,4.296906834377276e-06,62
847,4.276225952274872e-06,67
1674,4.243020683276519e-06,1
3298,4.232847072055004e-06,35
5145,4.178599116457964e-06,16
24036,4.110134766131245e-06,45
12408,4.075007471242069e-06,14
1583,3.9937543634110544e-06,1
16909,3.864207810792616e-06,6
1261,3.8094813278739443e-06,10
10231,3.8085448290757492e-06,8
5849,3.777368002169588e-06,80
22016,3.7334524325357044e-06,11
1649,3.72062441069729e-06,3
14452,3.703189012878947e-06,2
24884,3.4229900136098995e-06,1
7008,3.4050457860232043e-06,2
12238,3.399631798837485e-06,80
861,3.3120995147944574e-06,64
22025,3.278341095856154e-06,27
13218,3.274309481557024e-06,80
24153,3.2127476288450167e-06,3
5853,3.1877768469313948e-06,80
27021,3.042314954292005e-06,1
1683,2.8602335009287963e-06,4
15017,2.769961762812659e-06,52
14969,2.615231935526309e-06,17
1292,2.574444101449604e-06,1
11204,2.546510248572419e-06,80
18867,2.5125379426678006e-06,46
5125,2.3215041809797876e-06,3
12284,2.308625587345271e-06,16
12241,2.292594631377133e-06,80
13223,2.267696936600959e-06,9
8401,2.2435071102509127e-06,46
14437,2.233228612506978e-06,5
10344,2.2222519399328367e-06,16
14066,2.2181987892982415e-06,8
19114,2.2098811745192578e-06,5
11272,2.207983693913106e-06,6
23661,1.947288631696876e-06,23
469,1.931292926090941e-06,1
12413,1.831377026781203e-06,34
20069,1.8066145828534598e-06,21
14443,1.7988915750166267e-06,7
20864,1.713260616297314e-06,1
7062,1.5878813636806853e-06,5
16986,1.5751287717576246e-06,5
3170,1.569201714689711e-06,4
16003,1.5320453110162057e-06,13
4102,1.4816369705536427e-06,8
2318,1.4583774224653857e-06,1
9117,1.4041910673278648e-06,1
3204,1.4018616927325753e-06,18
24870,1.2722129863793392e-06,1
4072,1.2490420605276062e-06,6
15968,1.0940029897538343e-06,3
14012,1.0749000118283226e-06,80
14080,1.0048841514471433e-06,1
8203,9.211318073554427e-07,32
20014,8.764341913162601e-07,2
23143,7.90580537035376e-07,37
11267,7.707268869336564e-07,6
9097,7.331061711270065e-07,80
473,6.755593076814333e-07,3
18804,6.611498271334621e-07,4
24054,6.471302232296314e-07,1
8031,6.451208633614882e-07,1
7130,5.482970712196782e-07,80
9225,5.153408658842561e-07,4
15030,4.870485471507077e-07,1
21957,4.775489470735523e-07,36
12311,3.1069557676033446e-07,1
14110,2.459341160448856e-07,4
18838,1.9230510401281262e-07,18
14910,1.5263076452657018e-07,1
5062,1.3969198847759615e-07,3
13227,-1.573861524549312e-07,17
14032,-1.7923531598410242e-07,2
14925,-2.8281552393959443e-07,4
27338,-2.8571579109818845e-07,5
27818,-3.07654861442638e-07,24
9279,-3.416699773873905e-07,27
18754,-4.771342581485603e-07,3
14905,-5.446554564410658e-07,3
15831,-6.013078664863348e-07,1
10167,-6.24825390420278e-07,80
18725,-6.550953500186966e-07,2
18808,-6.774356138785576e-07,1
16858,-7.768982019187008e-07,9
20874,-7.978891625078395e-07,1
22971,-8.098867398062742e-07,21
5052,-8.449769129847635e-07,1
18749,-8.474823964752564e-07,43
22990,-8.501565108638834e-07,1
19850,-9.071161574475365e-07,17
14891,-9.115414894373167e-07,3
11366,-9.469936509645122e-07,9
11219,-9.615556438351077e-07,3
27426,-9.752730314093644e-07,1
9948,-1.0111724783212003e-06,80
26744,-1.1587072592551011e-06,17
14945,-1.222906841856864e-06,20
9092,-1.2630556061027573e-06,80
19919,-1.3068562932970768e-06,2
27918,-1.3111386296010394e-06,80
24103,-1.319399774863288e-06,26
12423,-1.3684200058668022e-06,32
9087,-1.3723452625731557e-06,80
14954,-1.5030897074092064e-06,5
19810,-1.5267272826691706e-06,65
9083,-1.5774688010429365e-06,80
11209,-1.6233685248273104e-06,80
7997,-1.6287085061736645e-06,80
12393,-1.6413804065645256e-06,25
25551,-1.7776782451781091e-06,20
18882,-1.8254168371975322e-06,46
14900,-1.883062355284637e-06,5
15909,-1.8863856622583371e-06,7
11214,-1.9410141881042544e-06,4
28240,-1.983874556660942e-06,9
3150,-2.0231206343731123e-06,2
9340,-2.2119901164116884e-06,17
21056,-2.2386976122501954e-06,9
14447,-2.362516673487293e-06,4
479,-2.3681839392237513e-06,5
27583,-2.455714315516662e-06,1
20996,-2.4608356888212117e-06,68
7470,-2.54885245519305e-06,1
7185,-2.6332718517758766e-06,3
17153,-2.6357583197849263e-06,1
1659,-2.658445655362314e-06,1
10161,-2.706922957134458e-06,80
9200,-2.823739539983649e-06,2
16854,-2.8414510025885115e-06,7
24011,-2.8987216015424854e-06,20
7136,-2.905890527275067e-06,80
2840,-3.030065668032876e-06,2
27674,-3.106804580457344e-06,43
5105,-3.127432917404116e-06,12
23074,-3.1411423025986408e-06,42
8002,-3.163969546213248e-06,80
24001,-3.191233493590417e-06,1
9259,-3.241272827851123e-06,17
5120,-3.3417029038147345e-06,1
2557,-3.3935651097814743e-06,80
10211,-3.420938478693271e-06,2
3230,-3.444888309386517e-06,70
21972,-3.803867941742303e-06,18
13087,-3.823533028268253e-06,5
18774,-3.92239464863762e-06,11
9146,-3.9367373844139814e-06,1
14037,-3.991071035695478e-06,2
1270,-4.01728424294349e-06,14
11401,-4.047570862835425e-06,31
5159,-4.056320279803507e-06,3
13858,-4.096723732051991e-06,6
4190,-4.108160102230157e-06,55
15013,-4.134010147412637e-06,80
23991,-4.1724286654552575e-06,6
22012,-4.270127894419071e-06,3
20987,-4.3019212657031845e-06,4
19978,-4.306536147602282e-06,4
21947,-4.320285759520899e-06,9
18784,-4.370138005961524e-06,34
6076,-4.443800883478355e-06,1
1654,-4.563005648798242e-06,4
18813,-4.56608925116197e-06,2
26646,-4.58610444979509e-06,11
5013,-4.603948029870222e-06,1
8169,-4.614629624129222e-06,26
6925,-4.652384532911488e-06,80
18779,-4.667437448363071e-06,18
18769,-4.714507706090929e-06,7
7033,-4.796138464131883e-06,3
14086,-5.033556113438589e-06,4
26282,-5.094340641021606e-06,2
20869,-5.25323801285375e-06,2
9325,-5.257963633652474e-06,24
6949,-5.288049892643217e-06,19
7809,-5.439865589045358e-06,1
13312,-5.468025171402348e-06,26
20933,-5.54918877667739e-06,1
11351,-5.803925075300307e-06,27
8145,-5.868947407017498e-06,11
16878,-5.991328257918844e-06,1
2541,-6.1294057196252656e-06,80
19840,-6.203760765378656e-06,29
8115,-6.329852020375585e-06,4
7451,-6.497772509293857e-06,8
18032,-6.56775513741496e-06,3
14017,-6.587159016189885e-06,9
5057,-6.735533454207993e-06,4
19845,-6.842090401110385e-06,31
12290,-6.977065370322258e-06,2
7113,-7.017447074214231e-06,13
17924,-7.026561312898807e-06,1
13375,-7.082090360813447e-06,12
5072,-7.0931342887360096e-06,10
15806,-7.296719390451354e-06,12
4028,-7.308261318549096e-06,62
299,-7.391343624396646e-06,15
15841,-7.411312216907685e-06,1
6176,-7.4899830281225124e-06,6
8199,-7.516869520416673e-06,56
11341,-7.7592088443895e-06,2
1221,-7.770845455549101e-06,6
4176,-7.844060484992535e-06,35
22231,-7.966011718681582e-06,63
14984,-7.97779686665415e-06,40
17016,-8.091885555238757e-06,8
812,-8.1037592040463e-06,25
9229,-8.1128762259618e-06,1
28232,-8.131882271529815e-06,6
15003,-8.148973664039206e-06,19
19825,-8.159140127464963e-06,1
24084,-8.252373132878302e-06,22
24899,-8.417589958412317e-06,9
11385,-8.447231904488084e-06,32
6998,-8.525513376828555e-06,4
15796,-8.581991751309148e-06,3
20898,-8.587139163725595e-06,1
19923,-8.69740517190495e-06,2
25720,-8.721072964891223e-06,4
8012,-8.759359775513862e-06,76
20878,-8.900018708968868e-06,3
18951,-8.938459473019004e-06,21
15983,-9.015651235179118e-06,31
16918,-9.025932817078288e-06,16
3195,-9.092128565702159e-06,3
4113,-9.127688199125568e-06,30
3239,-9.261865776594432e-06,13
10430,-9.402318268999162e-06,3
7889,-9.417596699070935e-06,4
27281,-9.54317313650666e-06,2
24163,-9.580004158095992e-06,38
21006,-9.682777179348414e-06,11
15890,-9.683633501890992e-06,6
6209,-9.763231732648706e-06,6
4985,-9.856988078944195e-06,36
20992,-9.862740512880083e-06,1
12398,-9.873103482839588e-06,31
18912,-9.959106226779498e-06,61
9102,-9.986431329610394e-06,7
1250,-1.0010116084336997e-05,1
768,-1.009415793155557e-05,15
26312,-1.0101765616884581e-05,16
6244,-1.0131866689029262e-05,31
27900,-1.0210213380803382e-05,75
18057,-1.0264405610838977e-05,6
16863,-1.0264961810375115e-05,5
19958,-1.044282940230642e-05,8
8348,-1.0485348877291347e-05,3
26293,-1.0507594468510892e-05,10
24986,-1.057702206679639e-05,22
21036,-1.0602270114664015e-05,12
22051,-1.0615374808613476e-05,16
1733,-1.062327572927421e-05,45
7146,-1.0699442706487846e-05,77
14876,-1.0942099247406728e-05,13
23005,-1.1263832073308179e-05,4
22995,-1.1266615722083083e-05,27
14731,-1.1308472614861903e-05,6
17031,-1.1345569487205535e-05,5
13257,-1.135771013565141e-05,10
15821,-1.1394694666768652e-05,30
24971,-1.1555026231750852e-05,11
18790,-1.1594323369008587e-05,4
24016,-1.1595024551278502e-05,50
25740,-1.163102561725389e-05,1
19654,-1.1660259063552811e-05,50
19983,-1.1817423091190973e-05,32
21982,-1.2078865451484192e-05,27
25750,-1.2089668813049853e-05,26
21031,-1.214452457794511e-05,24
26341,-1.215071311629447e-05,1
3175,-1.2235060100130741e-05,2
11238,-1.2357838401340224e-05,7
7804,-1.2610719903037757e-05,2
13453,-1.2693437406142551e-05,3
3235,-1.2901009844398856e-05,78
18887,-1.2950486327315756e-05,5
27098,-1.2992735274415567e-05,2
113,-1.3169658233123588e-05,64
16721,-1.317750060493516e-05,12
21932,-1.3178885973812721e-05,33
14021,-1.3297921098865688e-05,25
8225,-1.3332381397733903e-05,13
14130,-1.336290470102018e-05,43
14821,-1.3373021706657092e-05,22
20010,-1.339892365408712e-05,3
13232,-1.3515492840070395e-05,24
15895,-1.359577689209025e-05,5
15884,-1.3692771223947523e-05,11
27392,-1.3713420284152464e-05,4
14895,-1.3878933841184255e-05,2
26783,-1.3993898196194053e-05,3
14001,-1.404748063950376e-05,17
3279,-1.4048751608335721e-05,24
17006,-1.4141398733020003e-05,13
26714,-1.4174238478391752e-05,2
21987,-1.4208153978131181e-05,43
24919,-1.4432074040739058e-05,13
14055,-1.4503180886212298e-05,15
15904,-1.452906652342213e-05,10
11583,-1.4565280133869745e-05,25
1266,-1.4593505194344682e-05,23
9502,-1.4735800910183013e-05,32
15791,-1.474167867874765e-05,23
27156,-1.4780040730828057e-05,50
23035,-1.4784922296581592e-05,29
24981,-1.4853470939188825e-05,17
19835,-1.4945472231907888e-05,3
27406,-1.5081759923330268e-05,13
9195,-1.5094854578474903e-05,5
22100,-1.5170229443090966e-05,28
24050,-1.528342796354124e-05,20
21962,-1.535841321579991e-05,4
24699,-1.5498941801051012e-05,42
266,-1.5569275405916828e-05,78
17929,-1.559289796089831e-05,27
14071,-1.5593468005802706e-05,4
10255,-1.565533798906677e-05,3
9111,-1.580338817189948e-05,74
8413,-1.5839114025298283e-05,33
19830,-1.584887209761072e-05,11
4186,-1.5924673255607567e-05,33
8159,-1.6083429538597397e-05,8
20918,-1.6198014875818286e-05,36
10171,-1.6320989928965253e-05,30
3377,-1.6367148631126525e-05,47
16962,-1.653438924353428e-05,17
13365,-1.6611174079694586e-05,28
6259,-1.664577045268194e-05,10
7150,-1.6669640723116543e-05,80
20928,-1.6780960412167118e-05,10
16898,-1.6825265308662632e-05,14
19904,-1.68569694686501e-05,30
10349,-1.6935786376942763e-05,12
14836,-1.706456563193794e-05,17
15899,-1.7176409593756925e-05,16
23118,-1.7510205392669916e-05,13
12246,-1.7603220995780348e-05,40
5992,-1.7750020879237342e-05,37
5076,-1.776850041925795e-05,11
19119,-1.793836586291097e-05,16
21942,-1.7998246893490586e-05,26
6224,-1.8216822128957495e-05,49
14047,-1.846123682631952e-05,15
12124,-1.8594783223742625e-05,8
25769,-1.866030983273206e-05,21
18872,-1.879100899601915e-05,63
6121,-1.88872666607724e-05,10
24138,-1.89604118322999e-05,16
27137,-1.8961415687540898e-05,21
11233,-1.9233711304867776e-05,44
24031,-1.930486243899228e-05,28
15949,-1.952972178880309e-05,15
242,-1.9667095864314174e-05,3
19963,-1.973569502178533e-05,26
25735,-1.978785540263574e-05,7
13380,-1.992028190912503e-05,11
7058,-1.9981497675606164e-05,30
14866,-2.029163484602515e-05,1
26287,-2.0347959104104147e-05,5
13459,-2.0367566042075638e-05,4
14299,-2.061828386444253e-05,38
20019,-2.0713551758401893e-05,8
19894,-2.0939233167049522e-05,2
17026,-2.1300479227648154e-05,10
14453,-2.1378873061135723e-05,35
28001,-2.1419653997339654e-05,24
5140,-2.1570868621328824e-05,40
13383,-2.164337631657967e-05,20
15855,-2.1718661504985894e-05,6
26709,-2.1815112007192326e-05,11
15860,-2.1866992999333924e-05,21
2971,-2.19498947865098e-05,7
17036,-2.2018989107530904e-05,19
7200,-2.2069663683334606e-05,13
2376,-2.2075977315917906e-05,12
14216,-2.2112381499139792e-05,5
16888,-2.231626401295119e-05,14
25731,-2.2614118752455678e-05,12
26724,-2.266731776759969e-05,13
4097,-2.2772044065964797e-05,11
27397,-2.277648523873817e-05,5
27118,-2.292168221826755e-05,21
2,-2.3068645478228874e-05,80
12270,-2.3172963176494035e-05,14
16013,-2.344506642560942e-05,31
15988,-2.3544396342100118e-05,58
26278,-2.360905159920767e-05,8
26302,-2.4239118761270975e-05,4
26326,-2.4282211560299812e-05,24
8016,-2.428339880022291e-05,30
17890,-2.4527822265229475e-05,16
25760,-2.471957228050778e-05,52
18067,-2.473349123784226e-05,37
3289,-2.4964745844713227e-05,9
4877,-2.4980295864003478e-05,8
19968,-2.514347587619532e-05,8
25809,-2.5300201865053836e-05,23
23982,-2.5302194744472606e-05,21
5027,-2.5364816506303927e-05,13
26718,-2.5512003563438792e-05,5
22976,-2.5727218572231152e-05,19
3213,-2.584739862386549e-05,55
14061,-2.598279344721845e-05,11
2298,-2.6038118103414584e-05,20
16883,-2.6068508982529313e-05,17
3208,-2.6070493835445572e-05,55
19879,-2.6233667948027175e-05,3
21016,-2.65590187011434e-05,52
19938,-2.665067518034172e-05,68
19899,-2.6807381754241113e-05,7
14993,-2.7199483914405114e-05,48
10538,-2.721802393524989e-05,36
24118,-2.7582834260875857e-05,29
19953,-2.7635018505952435e-05,41
14100,-2.7743947069567232e-05,3
6106,-2.813398311945918e-05,20
14989,-2.8223900511997958e-05,56
9249,-2.8226570522593426e-05,45
229,-2.8246832847440407e-05,6
18013,-2.830805519620773e-05,62
5189,-2.8419228277008523e-05,52
23015,-2.8423058784178902e-05,2
5744,-2.85043089717356e-05,4
18828,-2.8787319969731507e-05,9
10177,-2.8860666348180618e-05,19
19874,-2.886810520381555e-05,28
18917,-2.9081120481470542e-05,77
19860,-2.911835306348157e-05,11
26356,-2.9241538413368123e-05,36
21977,-2.926033257051252e-05,13
5018,-2.9327244498815524e-05,12
6239,-2.9330632107871263e-05,36
15826,-2.9337497335924397e-05,48
4477,-2.954497694462716e-05,25
14886,-2.972012511021827e-05,12
3269,-2.9793000709678004e-05,44
6131,-3.006077631997207e-05,20
25031,-3.0138118540852846e-05,66
23030,-3.0234572923643222e-05,19
16893,-3.0284702729989583e-05,26
22090,-3.035481368427774e-05,13
27532,-3.0452464581737304e-05,11
14846,-3.073486777892668e-05,11
6219,-3.0754983281838124e-05,54
15944,-3.077947121585076e-05,37
17939,-3.1074843118759244e-05,18
18047,-3.12926559866055e-05,33
24046,-3.131508644454148e-05,5
21136,-3.142771632149757e-05,5
15845,-3.151435890571596e-05,24
8164,-3.156933908285395e-05,35
26297,-3.157789887296719e-05,6
25011,-3.169740589851984e-05,58
26758,-3.1743859270979644e-05,16
18077,-3.1785975419468403e-05,51
22080,-3.182944764254682e-05,16
4907,-3.18425096394998e-05,8
24924,-3.192545515574047e-05,29
18892,-3.196969589700531e-05,15
26316,-3.231484457788195e-05,45
25016,-3.239199459276108e-05,45
23860,-3.2555818770749655e-05,3
9244,-3.2616475431760225e-05,40
23153,-3.2977183141810276e-05,30
7283,-3.298938121202987e-05,48
26748,-3.31493751638454e-05,15
16903,-3.320153018024977e-05,24
18037,-3.330999554911097e-05,69
23010,-3.333993197580165e-05,39
10181,-3.34455165260095e-05,14
9403,-3.345477852022698e-05,3
20163,-3.3539471819444075e-05,9
22065,-3.36090013530858e-05,61
5032,-3.370347322105968e-05,46
25006,-3.3731985146894975e-05,24
6160,-3.37556319413379e-05,8
27809,-3.381361174851717e-05,22
20942,-3.385287875300097e-05,5
6974,-3.3885969855276335e-05,45
20913,-3.423882441853697e-05,8
25754,-3.4244197196269194e-05,59
25002,-3.443091930552216e-05,43
26306,-3.4553828776569406e-05,4
3284,-3.465368785475735e-05,6
13370,-3.467319582731935e-05,50
1550,-3.480854355765948e-05,13
17968,-3.495534428923847e-05,5
12319,-3.507657906677706e-05,3
27613,-3.510562028435727e-05,6
18042,-3.5191199068641605e-05,23
17011,-3.52578720556877e-05,50
10319,-3.561211514376072e-05,59
27152,-3.573928330083811e-05,8
17895,-3.578693164717944e-05,28
19884,-3.599343557499197e-05,57
26685,-3.627983189347411e-05,10
22002,-3.643269412223817e-05,32
18862,-3.650605879444615e-05,20
18052,-3.6644948939101177e-05,46
18072,-3.668591936374294e-05,59
27742,-3.6774435871999244e-05,3
25775,-3.680082983471266e-05,17
11346,-3.6935683212281865e-05,29
14998,-3.6965939057138726e-05,78
8061,-3.696948218685141e-05,42
20937,-3.6973553071653986e-05,19
27608,-3.6976507380254496e-05,41
13113,-3.6980458263466896e-05,4
17904,-3.6996504225749054e-05,37
1236,-3.7049078280181684e-05,18
17993,-3.7097368448459447e-05,42
24996,-3.7118813397553243e-05,3
2352,-3.7192231459128054e-05,31
1718,-3.744260705243e-05,11
21041,-3.780946105149403e-05,22
25789,-3.7864906335988514e-05,37
3141,-3.7927454119620256e-05,80
23055,-3.7932943276244686e-05,22
9180,-3.8291320366049244e-05,3
18834,-3.882922097710811e-05,61
797,-3.893253373633975e-05,32
21002,-3.8992893170107856e-05,72
17934,-3.918432706259513e-05,33
25073,-3.9184899208356934e-05,61
15850,-3.944785810421708e-05,10
25659,-3.957422315864057e-05,29
26753,-3.9730849926657415e-05,33
27075,-3.9741541516777455e-05,12
13083,-3.9779490491004495e-05,14
24099,-3.996141551661907e-05,19
17020,-4.00775051392763e-05,37
25078,-4.015069571996112e-05,53
14851,-4.029411548818404e-05,27
18744,-4.031071986258222e-05,44
26739,-4.033178736409941e-05,27
24123,-4.052698197506869e-05,27
5100,-4.05690041647374e-05,3
17978,-4.060145877891889e-05,11
18941,-4.097191321745635e-05,9
26733,-4.1069312393622996e-05,78
24967,-4.1408036284364314e-05,21
24108,-4.1454954921533855e-05,15
14871,-4.178567875246635e-05,25
23133,-4.2025439156737076e-05,19
28017,-4.215881849265953e-05,80
17919,-4.246567879777885e-05,23
25746,-4.250300002923755e-05,6
18764,-4.253332854580327e-05,21
21996,-4.259993926383516e-05,12
21165,-4.276952219993117e-05,34
7082,-4.2815949243873706e-05,46
27108,-4.338157213456128e-05,67
17355,-4.3474664532201664e-05,8
20972,-4.3487866068880985e-05,8
27795,-4.349065497961638e-05,78
24914,-4.3491094506748667e-05,64
17949,-4.353343791284362e-05,36
16913,-4.410840822746463e-05,34
7077,-4.432141468344481e-05,27
17953,-4.484118702588376e-05,59
12344,-4.485250420792511e-05,14
20957,-4.521512240085425e-05,6
22085,-4.5599008201160794e-05,56
25483,-4.5782045224427545e-05,25
17677,-4.597521754992683e-05,28
22055,-4.5982807240318184e-05,14
23138,-4.598993267420025e-05,27
238,-4.639748226235936e-05,16
11312,-4.642643772454734e-05,29
22075,-4.647652602615823e-05,56
24143,-4.6511125961520554e-05,11
24041,-4.6619590569404024e-05,8
25673,-4.6755968781377076e-05,10
10246,-4.679419912181531e-05,29
24133,-4.722383985081336e-05,23
17988,-4.749228057936831e-05,51
12324,-4.7532678357131764e-05,9
788,-4.7548056817917165e-05,64
18897,-4.770300785685052e-05,25
18734,-4.773047789170543e-05,39
15870,-4.7780878528720326e-05,50
23069,-4.8095401072465176e-05,8
12260,-4.829458882818525e-05,71
27113,-4.865571723908061e-05,6
15958,-4.907274933098339e-05,35
18823,-4.9284853511814994e-05,8
25026,-4.936980447915543e-05,31
24026,-4.9502785463798605e-05,25
22060,-4.952894008287781e-05,23
23103,-4.9652379851607415e-05,19
8209,-5.01579611262583e-05,70
25794,-5.047457798593555e-05,38
11228,-5.0491435703237305e-05,48
15865,-5.0498343789987726e-05,41
24957,-5.0559441921883265e-05,56
11509,-5.062497508377615e-05,5
21021,-5.0774258574964295e-05,59
19863,-5.078982318805649e-05,12
13317,-5.110893905646539e-05,19
20888,-5.117928705898466e-05,51
27402,-5.164074173078706e-05,32
17899,-5.2869805922210916e-05,32
4166,-5.287294898561921e-05,58
20883,-5.3022429169173264e-05,35
14135,-5.3410681919449434e-05,22
14052,-5.385677878673053e-05,32
27411,-5.408460836461588e-05,30
15815,-5.409796037625207e-05,25
26763,-5.520010218842524e-05,8
8065,-5.563923126271579e-05,45
19928,-5.568668034432847e-05,41
12255,-5.6108749066264825e-05,69
26534,-5.632966302530209e-05,8
23064,-5.665735708043231e-05,16
1191,-5.680011800356696e-05,64
24947,-5.689196139107158e-05,26
5086,-5.73724519249089e-05,14
6155,-5.7740753917872094e-05,8
1709,-5.786945854331061e-05,14
6096,-5.790352434870828e-05,59
520,-5.810160071754193e-05,53
15973,-5.814220568235404e-05,55
23050,-5.831032655880443e-05,28
23337,-5.837556392801084e-05,64
26321,-5.857788619046346e-05,47
18877,-5.8739084631547e-05,71
11514,-5.88501610822901e-05,7
4886,-5.92630991643409e-05,6
794,-5.934198319096886e-05,47
5047,-5.94727365364254e-05,16
4093,-5.952802782363027e-05,48
6150,-5.96868975405493e-05,6
10251,-5.980222796069908e-05,7
27132,-6.0684545071694876e-05,21
11283,-6.0989723847389066e-05,47
9294,-6.120990977508265e-05,51
23158,-6.142143266664777e-05,39
24059,-6.214117439065437e-05,20
4476,-6.219018316745774e-05,15
16996,-6.231766596863832e-05,50
6234,-6.249394153759394e-05,31
5179,-6.257006148700702e-05,33
1121,-6.277710152696324e-05,42
27732,-6.317906976088098e-05,9
25804,-6.347765082657411e-05,12
27313,-6.357012090565526e-05,47
19944,-6.366583675528314e-05,73
6377,-6.398443707710381e-05,8
17157,-6.416893033589986e-05,10
21026,-6.428973199291244e-05,28
22071,-6.43953100976167e-05,45
8274,-6.455905179473808e-05,9
808,-6.51382462729899e-05,31
1317,-6.59350424291455e-05,43
22095,-6.609259223574733e-05,25
23099,-6.728638051697015e-05,55
18794,-6.80863643819826e-05,43
23123,-6.825314647927334e-05,53
13243,-6.846525698018637e-05,54
1738,-6.862212023409333e-05,61
27468,-6.904405079791863e-05,32
21160,-6.913424105977828e-05,12
27103,-6.972760385131839e-05,6
9161,-7.03761209534249e-05,32
9166,-7.044759990450975e-05,18
6116,-7.063118295214667e-05,21
4042,-7.11440665630005e-05,48
17963,-7.119780388608078e-05,8
27127,-7.120900421017073e-05,33
25098,-7.178124379621115e-05,48
25780,-7.243331236481198e-05,25
27122,-7.267467213393914e-05,19
21937,-7.32202030126051e-05,76
13200,-7.353181764252526e-05,61
803,-7.35605292190836e-05,44
16521,-7.390171895633202e-05,14
18022,-7.458146774104373e-05,50
1694,-7.520513566322928e-05,17
17944,-7.532682611775796e-05,57
4246,-7.555478013661787e-05,22
24064,-7.577970680632595e-05,17
22110,-7.624537389206392e-05,26
23000,-7.636578018651914e-05,43
24128,-7.685946867839463e-05,39
27814,-7.793897037291711e-05,32
14861,-7.823617404367772e-05,36
13253,-7.863867244540181e-05,46
4107,-7.884165458191172e-05,21
24021,-7.90217726532468e-05,80
25841,-7.965544720139374e-05,17
25784,-7.985248504226461e-05,14
25278,-8.043292626847194e-05,33
15732,-8.085725731454458e-05,23
25103,-8.132593074329514e-05,47
14940,-8.178644462620854e-05,38
16,-8.20580668996081e-05,66
11371,-8.213835905491754e-05,57
18027,-8.270540158636632e-05,43
1279,-8.319522436175428e-05,78
4881,-8.325286759145245e-05,13
8987,-8.3309071687268e-05,25
22031,-8.547923511197884e-05,47
23059,-8.555564916448333e-05,33
582,-8.574962461863861e-05,61
25836,-8.725933412815634e-05,17
4048,-8.757291889881523e-05,41
18799,-8.805552029664439e-05,52
1698,-8.866802615881796e-05,37
15880,-8.90829985837746e-05,70
24074,-8.91720065488103e-05,39
27628,-8.953518896460438e-05,28
10265,-8.971422063419992e-05,10
10275,-9.058357997360199e-05,42
22036,-9.080717777041223e-05,46
27147,-9.311203305977875e-05,35
24759,-9.322312627051214e-05,42
23148,-9.471349055573275e-05,58
24069,-9.737355675989858e-05,36
10269,-9.821670670749956e-05,13
17958,-9.832127715729544e-05,80
10193,-9.88458738537655e-05,67
6988,-0.00010084744941945081,31
12334,-0.00010106331726175736,46
24158,-0.00010116654835600232,59
20104,-0.00010212117557309416,21
8289,-0.00010324994935494492,52
8080,-0.00010363766682732704,28
11706,-0.00010446474561468784,35
270,-0.00010489881216984614,69
24962,-0.00010499136765100479,20
24936,-0.00010534096423983543,19
14856,-0.00010652741110199902,57
21046,-0.00010752626140321964,72
494,-0.00010781448484847476,22
560,-0.00010943287412037228,31
13307,-0.00010978214645124233,8
26360,-0.00011084178266805866,36
26346,-0.00011424014131707198,35
9389,-0.00011509026786391684,27
13341,-0.00011648554562958774,31
15875,-0.0001172329481609736,76
838,-0.00011742422351540378,42
24991,-0.00011792157149282294,76
25799,-0.00011886838997781011,20
14115,-0.0001190270056157657,49
11316,-0.00011918604782152999,39
11287,-0.00012079986420470534,61
24094,-0.00012308454722174955,31
24942,-0.00012553632237064774,35
25943,-0.0001287539306313288,21
10449,-0.0001291647400558621,48
11322,-0.00012926662593112757,54
13301,-0.00012944315760693605,33
27638,-0.0001297632320666516,46
24932,-0.00013042947605203557,29
25631,-0.00013257077522212953,17
10260,-0.00013270634452207798,39
3155,-0.0001333691636702523,54
6994,-0.00013583893316617727,36
823,-0.00013585863198780726,53
27381,-0.00013614651300993363,37
9190,-0.00013964712875641998,61
12349,-0.00014057600272074125,39
13326,-0.0001418285152229647,72
4833,-0.00014582612754196532,74
25654,-0.00014639192856244482,19
103,-0.00014730705968135323,47
28189,-0.00014816998424884283,44
12339,-0.00014930729705033583,53
234,-0.0001517710723818578,31
7194,-0.00015256543927757746,33
25846,-0.0001527633826171126,47
27436,-0.00015355907745448103,64
112,-0.0001542916866369377,74
1245,-0.0001553345932177803,52
25851,-0.00015599664057637207,30
26773,-0.00015624123973625168,50
24976,-0.00015766183343539488,78
27723,-0.00016136801457045414,80
4062,-0.00016180032559130216,43
8075,-0.00016554453842027196,65
63,-0.0001687319338728849,49
8302,-0.00016931351952941383,53
6111,-0.00017232909053348436,52
27623,-0.00017333686390823492,54
518,-0.00017722171566329108,27
26787,-0.00017765389315349049,21
827,-0.0001876906445911904,63
13322,-0.00019914387598643705,60
27727,-0.00019944647165484651,33
248,-0.00020092296134327747,46
44,-0.00020221459818377854,80
616,-0.00020277653178223738,61
27633,-0.00021211879988799497,71
11711,-0.0002135745375582229,66
25856,-0.0002484337601183251,69
6,-0.0002733200221326132,71
25819,-0.00028291496703181237,50
2721,-0.00036329828802256377,61
258,-0.00037590208648445697,76
108,-0.0003799633955783776,62
