实验ID,阶段,案例,变体,seed,GPU,状态,开始时间,结束时间,输出目录,说明
CPU_VALIDATION_20260805,CPU验收,全项目,单元测试与静态检查,不适用,CPU,通过,2026-08-05,2026-08-05,02_validation,25/25测试、compileall、pip check、git diff check通过
HISTORICAL_WAN_VAE_PROXY,Santa VAE proxy,Santa21f,Correct与Shuffled,0,历史运行环境,仅审计已有结果,未知,未知,artifacts/transport_validation/santa_cloth_21f/wan_vae,不是本次完整生成
WAN_VAE_GPU_SMOKE_QUEUED,GPU smoke,Santa21f,Target/Correct/Shuffled解码,0,待分配,排队,未开始,未结束,04_smoke/wan_vae_transport_gpu_smoke_queued,CPU前置门禁已通过至CUDA边界
DT_TRANSPORT_GPU_PARITY_20260805_015718,GPU smoke,Santa21f,Correct与Shuffled真实CUDA重算,0,GPU2_SHAREABLE,通过,2026-08-05T01:57:18+08:00,2026-08-05T01:57:45+08:00,04_smoke/DT_TRANSPORT_GPU_PARITY_20260805_015718,峰值分配26.36MiB_保留30MiB_计算1.418秒_与历史artifact最大差0
WAN_VAE_E2E_21F_20260805_020232,GPU smoke,Santa21f video proxy v1,真实21帧编码_transport_解码,0,GPU2_SHAREABLE,失败_输入契约,2026-08-05T02:02:37+08:00,2026-08-05T02:03:18+08:00,04_smoke/WAN_VAE_E2E_21F_20260805_020232,非CUDA失败；initial_rgb为832x480，保留现场
WAN_VAE_E2E_21F_20260805_022223,GPU smoke,Santa21f video proxy v3,真实21帧编码_transport_解码,0,GPU2_SHAREABLE,通过_自动验收,2026-08-05T02:22:23+08:00,2026-08-05T02:23:49+08:00,04_smoke/WAN_VAE_E2E_21F_20260805_022223,torch峰值分配4320.065MiB_保留6190MiB_进程采样峰值5810MiB_计算44.715秒_视觉待审
FINAL_SIM_NOISE_RECON_20260805_031213,输入重建,Santa21f proxy,RAFT-Large structured noise,0,GPU2,通过,2026-08-05T03:12:13+08:00,2026-08-05T03:12:48+08:00,04_smoke/FINAL_SIM_NOISE_RECON_20260805_031213,"noise[21,60,104,32]_flow[20,2,240,416]_finite_耗时12.925秒"
REALWONDER_GENERATOR_LOAD_20260805_030721,生成端smoke,Santa21f,原生pipeline与checkpoint加载,不适用,GPU3,通过,2026-08-05T03:07:21+08:00,2026-08-05T03:10:04+08:00,04_smoke/REALWONDER_GENERATOR_LOAD_20260805_030721,"generator参数15.644亿_GPU峰值约3.68GiB_未调用inference"
REALWONDER_BASELINE_TRANSPORT_RUNTIME_AUDIT_20260805_032032,运行时审计,Santa21f,Baseline与Correct/Shuffled注入分支,0,GPU3,通过,2026-08-05T03:20:32+08:00,2026-08-05T03:23:02+08:00,04_smoke/REALWONDER_BASELINE_TRANSPORT_RUNTIME_AUDIT_20260805_032032,"真实VAE编码shape[1,6,16,60,104]_pipeline接收sim_latent_未执行去噪generator"
REALWONDER_SANTA_BASELINE_20260805_031854,完整生成,Santa21f proxy,Baseline无transport,0,GPU2,失败_flash_attn缺失,2026-08-05T03:18:54+08:00,2026-08-05T03:23:40+08:00,04_smoke/REALWONDER_SANTA_BASELINE_20260805_031854,"已进入Generating video_CLIP硬断言FLASH_ATTN_2_AVAILABLE"
REALWONDER_SANTA_BASELINE_20260805_032517,完整生成,Santa21f proxy,Baseline_SDPAv1,0,GPU2,主动停止_无效mask语义,2026-08-05T03:25:17+08:00,2026-08-05T03:27:59+08:00,04_smoke/REALWONDER_SANTA_BASELINE_20260805_032517,"GPU3数值回归证明k_lens最大差1.7734375_只停止我方任务"
REALWONDER_SANTA_BASELINE_20260805_032928,完整生成,Santa21f proxy,Baseline无transport,0,GPU2,通过,2026-08-05T03:29:28+08:00,2026-08-05T03:32:36+08:00,04_smoke/REALWONDER_SANTA_BASELINE_20260805_032928,"21帧832x480_exit0_SHA256=41bd8a36...bcd8"
REALWONDER_SANTA_CORRECT_20260805_033343,完整生成,Santa21f proxy,Correct material-point transport,0,GPU2,通过,2026-08-05T03:33:43+08:00,2026-08-05T03:36:58+08:00,04_smoke/REALWONDER_SANTA_CORRECT_20260805_033343,"完整generator确认加载correct_fused_latent_SHA256=0dba5fb9...d394"
REALWONDER_SANTA_SHUFFLED_20260805_033730,完整生成,Santa21f proxy,Shuffled身份对照,0,GPU2,通过,2026-08-05T03:37:30+08:00,2026-08-05T03:40:49+08:00,04_smoke/REALWONDER_SANTA_SHUFFLED_20260805_033730,"完整generator确认加载shuffled_fused_latent_SHA256=4305628b...aa6"
REALWONDER_SANTA_BASELINE_20260805_034305,确定性复现,Santa21f proxy,Baseline同seed重复,0,GPU2,通过_逐字节一致,2026-08-05T03:43:05+08:00,2026-08-05T03:46:40+08:00,04_smoke/REALWONDER_SANTA_BASELINE_20260805_034305,"与首次Baseline SHA256完全相同_SSIM1_时序差0"
FLOW_TRANSPORT_ARTIFACT_20260805_035026,Flow对照,Santa21f proxy,RAFT target-to-initial latent warp,0,GPU3,通过,2026-08-05T03:50:26+08:00,2026-08-05T03:50:37+08:00,04_smoke/FLOW_TRANSPORT_ARTIFACT_20260805_035026,"新artifact不覆盖历史_maskedL1 Flow0.35937 Correct0.35404 Shuffled0.52071"
REALWONDER_SANTA_FLOW_20260805_035223,完整生成,Santa21f proxy,Dense Flow latent对照,0,GPU2,通过,2026-08-05T03:52:23+08:00,2026-08-05T03:56:40+08:00,04_smoke/REALWONDER_SANTA_FLOW_20260805_035223,"RAFT target-to-initial直接warp_同mask_exit0"
REALWONDER_SANTA__SEED1_,随机性控制,Santa21f proxy,Baseline seed1,1,GPU3,通过,2026-08-05T03:53:27+08:00,2026-08-05T03:57:29+08:00,04_smoke/REALWONDER_SANTA__SEED1_,"与seed0 PSNR20.983_SSIM0.8424_目录命名异常但命令结果完整"
REALWONDER_SANTA_BLEND_20260805_040147,方法迭代1,Santa21f proxy,Correct blend alpha0.5,0,GPU2,通过,2026-08-05T04:01:47+08:00,2026-08-05T04:05:49+08:00,04_smoke/REALWONDER_SANTA_BLEND_20260805_040147,"proxy PSNR19.139_时序差0.02078改善_SS​​IM与RAFT EPE未同时改善"
REALWONDER_SANTA_BASELINE_EMA_20260805_040221,checkpoint对照,Santa21f proxy,Baseline generator_ema,0,GPU3,通过,2026-08-05T04:02:21+08:00,2026-08-05T04:06:23+08:00,04_smoke/REALWONDER_SANTA_BASELINE_EMA_20260805_040221,"与默认generator输出不同_PSNR27.348_SSIM0.8603_不能混作同一Baseline"
